ID,MOLECULE,GROUP,CHARGE,SMILES,SMILES_Superclass,SMILES_Class,SMILES_Parent_Level,SITE,GAS-HO,WAT-HO,BZN-HO,SMILES-HO,GAS-HOO,WAT-HOO,BZN-HOO,SMILES-HOO,GAS-CH3O,WAT-CH3O,BZN-CH3O,SMILES-CH3O,GAS-CH3OO,WAT-CH3OO,BZN-CH3OO,SMILES-CH3OO,GAS-CH2CHOO,WAT-CH2CHOO,BZN-CH2CHOO,SMILES-CH2CHOO,GAS-HS,WAT-HS,BZN-HS,SMILES-HS,GAS-HSS,WAT-HSS,BZN-HSS,SMILES-HSS,GAS-CH3S,WAT-CH3S,BZN-CH3S,SMILES-CH3S,GAS-CH3SS,WAT-CH3SS,BZN-CH3SS,SMILES-CH3SS,GAS-CH3SO,WAT-CH3SO,BZN-CH3SO,SMILES-CH3SO
1,ARN,Anthocyanidins,1,C1=C(C(=C(C2=CC(=C(O[C]12)c1ccc(cc1)O)O)O)O)O,Phenylpropanoids and polyketides,Flavonoids,7-hydroxyflavonoids,C1,-0.53,-2.04,-0.43,[OH-],31.46,30.83,32.01,O[O-],14.38,13.46,15.04,C[O-],33.06,32.11,33.89,CO[O-],30.17,28.55,30.54,C=CO[O-],25.48,26.81,26.3,[SH-],43.57,45.15,44.47,[S-]S,32.47,34.22,33.45,C[S-],46.1,48.11,47.19,C[S-]S,42.97,44.64,43.81,C[S](=O)[O-]
2,ARN,Anthocyanidins,1,C1=C(C(=C(C2=CC(=C(O[C]12)c1ccc(cc1)O)O)O)O)O,Phenylpropanoids and polyketides,Flavonoids,7-hydroxyflavonoids,C10,-3.12,-5.15,-3.3,[OH-],28.86,27.72,29.14,O[O-],11.78,10.35,12.17,C[O-],30.47,29,31.01,CO[O-],27.57,25.45,27.67,C=CO[O-],22.89,23.7,23.43,[SH-],40.97,42.04,41.6,[S-]S,29.87,31.11,30.58,C[S-],43.51,45,44.31,C[S-]S,40.37,41.54,40.94,C[S](=O)[O-]
3,ARN,Anthocyanidins,1,C1=C(C(=C(C2=CC(=C(O[C]12)c1ccc(cc1)O)O)O)O)O,Phenylpropanoids and polyketides,Flavonoids,7-hydroxyflavonoids,C12,-7.49,-10.52,-8.03,[OH-],24.5,22.35,24.41,O[O-],7.42,4.98,7.44,C[O-],26.1,23.63,26.29,CO[O-],23.21,20.07,22.94,C=CO[O-],18.52,18.33,18.7,[SH-],36.61,36.67,36.87,[S-]S,25.51,25.74,25.85,C[S-],39.14,39.63,39.59,C[S-]S,36.01,36.16,36.21,C[S](=O)[O-]
4,ARN,Anthocyanidins,1,C1=C(C(=C(C2=CC(=C(O[C]12)c1ccc(cc1)O)O)O)O)O,Phenylpropanoids and polyketides,Flavonoids,7-hydroxyflavonoids,C13,-2.46,-6.18,-3.24,[OH-],29.53,26.69,29.19,O[O-],12.44,9.32,12.22,C[O-],31.13,27.97,31.07,CO[O-],28.24,24.41,27.72,C=CO[O-],23.55,22.67,23.49,[SH-],41.64,41.01,41.65,[S-]S,30.53,30.08,30.63,C[S-],44.17,43.97,44.37,C[S-]S,41.04,40.5,40.99,C[S](=O)[O-]
5,ARN,Anthocyanidins,1,C1=C(C(=C(C2=CC(=C(O[C]12)c1ccc(cc1)O)O)O)O)O,Phenylpropanoids and polyketides,Flavonoids,7-hydroxyflavonoids,C15,-4.25,-6.38,-4.53,[OH-],27.74,26.49,27.91,O[O-],10.65,9.12,10.94,C[O-],29.34,27.77,29.78,CO[O-],26.45,24.22,26.44,C=CO[O-],21.76,22.47,22.2,[SH-],39.85,40.81,40.37,[S-]S,28.74,29.88,29.35,C[S-],42.38,43.77,43.08,C[S-]S,39.25,40.31,39.71,C[S](=O)[O-]
6,ARN,Anthocyanidins,1,C1=C(C(=C(C2=CC(=C(O[C]12)c1ccc(cc1)O)O)O)O)O,Phenylpropanoids and polyketides,Flavonoids,7-hydroxyflavonoids,C16,-6.17,-8.32,-6.48,[OH-],25.82,24.55,25.95,O[O-],8.73,7.18,8.99,C[O-],27.42,25.83,27.83,CO[O-],24.53,22.27,24.48,C=CO[O-],19.84,20.53,20.25,[SH-],37.93,38.87,38.41,[S-]S,26.82,27.94,27.4,C[S-],40.46,41.83,41.13,C[S-]S,37.33,38.36,37.75,C[S](=O)[O-]
7,ARN,Anthocyanidins,1,C1=C(C(=C(C2=CC(=C(O[C]12)c1ccc(cc1)O)O)O)O)O,Phenylpropanoids and polyketides,Flavonoids,7-hydroxyflavonoids,O18,-28.69,-32.6,-30.62,[OH-],3.3,0.26,1.81,O[O-],-13.79,-17.11,-15.15,C[O-],4.9,1.54,3.69,CO[O-],2.01,-2.01,0.34,C=CO[O-],-2.68,-3.75,-3.89,[SH-],15.41,14.58,14.27,[S-]S,4.3,3.65,3.26,C[S-],17.94,17.54,16.99,C[S-]S,14.81,14.08,13.61,C[S](=O)[O-]
8,ARN,Anthocyanidins,1,C1=C(C(=C(C2=CC(=C(O[C]12)c1ccc(cc1)O)O)O)O)O,Phenylpropanoids and polyketides,Flavonoids,7-hydroxyflavonoids,O19,-28.92,-37.5,-32.17,[OH-],3.08,-4.63,0.26,O[O-],-14.01,-22,-16.7,C[O-],4.67,-3.35,2.14,CO[O-],1.78,-6.91,-1.21,C=CO[O-],-2.91,-8.65,-5.44,[SH-],15.19,9.69,12.72,[S-]S,4.08,-1.24,1.71,C[S-],17.71,12.65,15.44,C[S-]S,14.58,9.18,12.06,C[S](=O)[O-]
9,ARN,Anthocyanidins,1,C1=C(C(=C(C2=CC(=C(O[C]12)c1ccc(cc1)O)O)O)O)O,Phenylpropanoids and polyketides,Flavonoids,7-hydroxyflavonoids,O20,-27.64,-36.85,-31.01,[OH-],4.35,-3.98,1.42,O[O-],-12.74,-21.35,-15.54,C[O-],5.95,-2.71,3.3,CO[O-],3.06,-6.26,-0.04,C=CO[O-],-1.63,-8,-4.28,[SH-],16.46,10.34,13.88,[S-]S,5.35,-0.59,2.87,C[S-],18.99,13.29,16.6,C[S-]S,15.86,9.83,13.23,C[S](=O)[O-]
10,ARN,Anthocyanidins,1,C1=C(C(=C(C2=CC(=C(O[C]12)c1ccc(cc1)O)O)O)O)O,Phenylpropanoids and polyketides,Flavonoids,7-hydroxyflavonoids,O22,-29.29,-33.04,-30.89,[OH-],2.7,-0.17,1.54,O[O-],-14.39,-17.54,-15.42,C[O-],4.3,1.11,3.42,CO[O-],1.41,-2.45,0.07,C=CO[O-],-3.28,-4.19,-4.16,[SH-],14.81,14.15,14,[S-]S,3.7,3.22,2.99,C[S-],17.34,17.11,16.72,C[S-]S,14.21,13.64,13.34,C[S](=O)[O-]
11,ARN,Anthocyanidins,1,C1=C(C(=C(C2=CC(=C(O[C]12)c1ccc(cc1)O)O)O)O)O,Phenylpropanoids and polyketides,Flavonoids,7-hydroxyflavonoids,O25,-21.55,-29.68,-25.01,[OH-],10.44,3.19,7.42,O[O-],-6.64,-14.18,-9.54,C[O-],12.04,4.47,9.3,CO[O-],9.15,0.92,5.96,C=CO[O-],4.46,-0.83,1.72,[SH-],22.55,17.51,19.88,[S-]S,11.45,6.58,8.87,C[S-],25.08,20.47,22.6,C[S-]S,21.95,17.01,19.23,C[S](=O)[O-]
12,CPN,Anthocyanidins,1,C1=C(C=C(C2=CC(=C(O[C]12)c1cc(c(c(c1)OC)O)OC)O)OC)O,Phenylpropanoids and polyketides,Flavonoids,3-O-methylated flavonoids,C1,-0.61,-1.95,-0.54,[OH-],31.38,30.92,31.9,O[O-],14.29,13.55,14.93,C[O-],32.98,32.2,33.77,CO[O-],30.09,28.65,30.43,C=CO[O-],25.4,26.9,26.19,[SH-],43.49,45.24,44.36,[S-]S,32.38,34.31,33.34,C[S-],46.02,48.2,47.07,C[S-]S,42.89,44.74,43.7,C[S](=O)[O-]
13,CPN,Anthocyanidins,1,C1=C(C=C(C2=CC(=C(O[C]12)c1cc(c(c(c1)OC)O)OC)O)OC)O,Phenylpropanoids and polyketides,Flavonoids,3-O-methylated flavonoids,C3,-2.03,-4.88,-2.42,[OH-],29.96,27.99,30.02,O[O-],12.88,10.62,13.05,C[O-],31.56,29.27,31.9,CO[O-],28.67,25.71,28.55,C=CO[O-],23.98,23.97,24.31,[SH-],42.07,42.31,42.48,[S-]S,30.97,31.38,31.46,C[S-],44.6,45.27,45.2,C[S-]S,41.47,41.8,41.82,C[S](=O)[O-]
14,CPN,Anthocyanidins,1,C1=C(C=C(C2=CC(=C(O[C]12)c1cc(c(c(c1)OC)O)OC)O)OC)O,Phenylpropanoids and polyketides,Flavonoids,3-O-methylated flavonoids,C10,-4.56,-6.29,-4.68,[OH-],27.43,26.58,27.75,O[O-],10.34,9.21,10.79,C[O-],29.03,27.86,29.63,CO[O-],26.14,24.3,26.29,C=CO[O-],21.45,22.56,22.05,[SH-],39.54,40.9,40.21,[S-]S,28.43,29.97,29.2,C[S-],42.07,43.86,42.93,C[S-]S,38.94,40.39,39.56,C[S](=O)[O-]
15,CPN,Anthocyanidins,1,C1=C(C=C(C2=CC(=C(O[C]12)c1cc(c(c(c1)OC)O)OC)O)OC)O,Phenylpropanoids and polyketides,Flavonoids,3-O-methylated flavonoids,C12,-7.15,-9.65,-7.5,[OH-],24.84,23.22,24.93,O[O-],7.76,5.85,7.96,C[O-],26.44,24.5,26.81,CO[O-],23.55,20.94,23.46,C=CO[O-],18.86,19.2,19.23,[SH-],36.95,37.54,37.39,[S-]S,25.85,26.61,26.37,C[S-],39.48,40.5,40.11,C[S-]S,36.35,37.03,36.73,C[S](=O)[O-]
16,CPN,Anthocyanidins,1,C1=C(C=C(C2=CC(=C(O[C]12)c1cc(c(c(c1)OC)O)OC)O)OC)O,Phenylpropanoids and polyketides,Flavonoids,3-O-methylated flavonoids,C16,-5.09,-7.03,-5.32,[OH-],26.9,25.84,27.11,O[O-],9.81,8.46,10.15,C[O-],28.5,27.11,28.99,CO[O-],25.61,23.56,25.65,C=CO[O-],20.92,21.82,21.41,[SH-],39.01,40.16,39.57,[S-]S,27.9,29.22,28.56,C[S-],41.54,43.11,42.29,C[S-]S,38.41,39.65,38.92,C[S](=O)[O-]
17,CPN,Anthocyanidins,1,C1=C(C=C(C2=CC(=C(O[C]12)c1cc(c(c(c1)OC)O)OC)O)OC)O,Phenylpropanoids and polyketides,Flavonoids,3-O-methylated flavonoids,O18,-24.04,-30.08,-26.63,[OH-],7.95,2.79,5.8,O[O-],-9.14,-14.58,-11.16,C[O-],9.55,4.07,7.68,CO[O-],6.66,0.51,4.34,C=CO[O-],1.97,-1.23,0.1,[SH-],20.06,17.11,18.26,[S-]S,8.95,6.18,7.25,C[S-],22.59,20.07,20.98,C[S-]S,19.46,16.6,17.61,C[S](=O)[O-]
18,CPN,Anthocyanidins,1,C1=C(C=C(C2=CC(=C(O[C]12)c1cc(c(c(c1)OC)O)OC)O)OC)O,Phenylpropanoids and polyketides,Flavonoids,3-O-methylated flavonoids,O22,-32.51,-34.16,-33.48,[OH-],-0.52,-1.29,-1.04,O[O-],-17.6,-18.66,-18.01,C[O-],1.09,-0.01,0.83,CO[O-],-1.81,-3.56,-2.51,C=CO[O-],-6.5,-5.31,-6.75,[SH-],11.59,13.03,11.42,[S-]S,0.49,2.1,0.4,C[S-],14.13,15.99,14.13,C[S-]S,10.99,12.53,10.76,C[S](=O)[O-]
19,CPN,Anthocyanidins,1,C1=C(C=C(C2=CC(=C(O[C]12)c1cc(c(c(c1)OC)O)OC)O)OC)O,Phenylpropanoids and polyketides,Flavonoids,3-O-methylated flavonoids,O25,-29.85,-38.32,-32.92,[OH-],2.14,-5.45,-0.48,O[O-],-14.95,-22.82,-17.45,C[O-],3.74,-4.17,1.39,CO[O-],0.85,-7.72,-1.95,C=CO[O-],-3.84,-9.47,-6.19,[SH-],14.25,8.87,11.98,[S-]S,3.14,-2.06,0.96,C[S-],16.78,11.83,14.69,C[S-]S,13.65,8.37,11.32,C[S](=O)[O-]
20,CPN,Anthocyanidins,1,C1=C(C=C(C2=CC(=C(O[C]12)c1cc(c(c(c1)OC)O)OC)O)OC)O,Phenylpropanoids and polyketides,Flavonoids,3-O-methylated flavonoids,C28,-17.62,-20.03,-17.39,[OH-],14.37,12.84,15.05,O[O-],-2.72,-4.53,-1.92,C[O-],15.97,14.12,16.92,CO[O-],13.08,10.56,13.58,C=CO[O-],8.39,8.82,9.34,[SH-],26.48,27.16,27.51,[S-]S,15.37,16.23,16.49,C[S-],29.01,30.12,30.22,C[S-]S,25.88,26.65,26.85,C[S](=O)[O-]
21,CPN,Anthocyanidins,1,C1=C(C=C(C2=CC(=C(O[C]12)c1cc(c(c(c1)OC)O)OC)O)OC)O,Phenylpropanoids and polyketides,Flavonoids,3-O-methylated flavonoids,C29,-19.02,-20.77,-18.73,[OH-],12.97,12.1,13.71,O[O-],-4.12,-5.27,-3.26,C[O-],14.57,13.38,15.59,CO[O-],11.68,9.82,12.24,C=CO[O-],6.99,8.08,8,[SH-],25.08,26.42,26.17,[S-]S,13.97,15.49,15.15,C[S-],27.61,29.38,28.89,C[S-]S,24.48,25.91,25.51,C[S](=O)[O-]
22,CPN,Anthocyanidins,1,C1=C(C=C(C2=CC(=C(O[C]12)c1cc(c(c(c1)OC)O)OC)O)OC)O,Phenylpropanoids and polyketides,Flavonoids,3-O-methylated flavonoids,C30,-18.6,-20.58,-18.24,[OH-],13.39,12.29,14.19,O[O-],-3.7,-5.08,-2.77,C[O-],14.99,13.57,16.07,CO[O-],12.1,10.01,12.73,C=CO[O-],7.41,8.27,8.49,[SH-],25.5,26.61,26.65,[S-]S,14.39,15.68,15.64,C[S-],28.03,29.57,29.37,C[S-]S,24.9,26.1,26,C[S](=O)[O-]
23,CYN,Anthocyanidins,1,C1=C(C=C(C2=CC(=C(O[C]12)c1ccc(c(c1)O)O)O)O)O,Phenylpropanoids and polyketides,Flavonoids,7-hydroxyflavonoids,C1,-0.86,-2.1,-0.73,[OH-],31.13,30.77,31.71,O[O-],14.04,13.4,14.74,C[O-],32.73,32.05,33.58,CO[O-],29.84,28.49,30.24,C=CO[O-],25.15,26.75,26,[SH-],43.24,45.09,44.17,[S-]S,32.13,34.16,33.15,C[S-],45.77,48.05,46.88,C[S-]S,42.64,44.58,43.51,C[S](=O)[O-]
24,CYN,Anthocyanidins,1,C1=C(C=C(C2=CC(=C(O[C]12)c1ccc(c(c1)O)O)O)O)O,Phenylpropanoids and polyketides,Flavonoids,7-hydroxyflavonoids,C3,0.32,-3.4,-0.32,[OH-],32.31,29.47,32.12,O[O-],15.22,12.11,15.15,C[O-],33.91,30.75,33.99,CO[O-],31.02,27.2,30.65,C=CO[O-],26.33,25.45,26.41,[SH-],44.42,43.79,44.58,[S-]S,33.31,32.87,33.56,C[S-],46.95,46.75,47.29,C[S-]S,43.82,43.29,43.92,C[S](=O)[O-]
25,CYN,Anthocyanidins,1,C1=C(C=C(C2=CC(=C(O[C]12)c1ccc(c(c1)O)O)O)O)O,Phenylpropanoids and polyketides,Flavonoids,7-hydroxyflavonoids,C10,-6.04,-6.3,-5.62,[OH-],25.95,26.57,26.81,O[O-],8.87,9.2,9.85,C[O-],27.55,27.85,28.69,CO[O-],24.66,24.29,25.34,C=CO[O-],19.97,22.55,21.11,[SH-],38.06,40.89,39.27,[S-]S,26.96,29.96,28.26,C[S-],40.59,43.85,41.99,C[S-]S,37.46,40.38,38.61,C[S](=O)[O-]
26,CYN,Anthocyanidins,1,C1=C(C=C(C2=CC(=C(O[C]12)c1ccc(c(c1)O)O)O)O)O,Phenylpropanoids and polyketides,Flavonoids,7-hydroxyflavonoids,C12,-7.39,-10.27,-7.69,[OH-],24.61,22.6,24.75,O[O-],7.52,5.23,7.78,C[O-],26.2,23.88,26.62,CO[O-],23.31,20.32,23.28,C=CO[O-],18.62,18.58,19.04,[SH-],36.72,36.92,37.21,[S-]S,25.61,25.99,26.19,C[S-],39.24,39.88,39.92,C[S-]S,36.11,36.41,36.55,C[S](=O)[O-]
27,CYN,Anthocyanidins,1,C1=C(C=C(C2=CC(=C(O[C]12)c1ccc(c(c1)O)O)O)O)O,Phenylpropanoids and polyketides,Flavonoids,7-hydroxyflavonoids,C13,-2.17,-5.95,-2.92,[OH-],29.83,26.92,29.52,O[O-],12.74,9.55,12.55,C[O-],31.43,28.2,31.39,CO[O-],28.53,24.64,28.05,C=CO[O-],23.84,22.9,23.81,[SH-],41.94,41.24,41.98,[S-]S,30.83,30.31,30.96,C[S-],44.47,44.2,44.69,C[S-]S,41.33,40.73,41.32,C[S](=O)[O-]
28,CYN,Anthocyanidins,1,C1=C(C=C(C2=CC(=C(O[C]12)c1ccc(c(c1)O)O)O)O)O,Phenylpropanoids and polyketides,Flavonoids,7-hydroxyflavonoids,C16,-4.98,-6.53,-5.04,[OH-],27.01,26.34,27.39,O[O-],9.93,8.97,10.42,C[O-],28.61,27.62,29.27,CO[O-],25.72,24.07,25.92,C=CO[O-],21.03,22.32,21.69,[SH-],39.12,40.66,39.85,[S-]S,28.02,29.73,28.83,C[S-],41.65,43.62,42.57,C[S-]S,38.52,40.16,39.19,C[S](=O)[O-]
29,CYN,Anthocyanidins,1,C1=C(C=C(C2=CC(=C(O[C]12)c1ccc(c(c1)O)O)O)O)O,Phenylpropanoids and polyketides,Flavonoids,7-hydroxyflavonoids,O18,-28.39,-31.46,-30,[OH-],3.6,1.41,2.44,O[O-],-13.48,-15.96,-14.53,C[O-],5.2,2.69,4.32,CO[O-],2.31,-0.87,0.97,C=CO[O-],-2.38,-2.61,-3.27,[SH-],15.71,15.73,14.9,[S-]S,4.61,4.8,3.88,C[S-],18.24,18.69,17.62,C[S-]S,15.11,15.22,14.24,C[S](=O)[O-]
30,CYN,Anthocyanidins,1,C1=C(C=C(C2=CC(=C(O[C]12)c1ccc(c(c1)O)O)O)O)O,Phenylpropanoids and polyketides,Flavonoids,7-hydroxyflavonoids,O20,-29.14,-32.28,-30.7,[OH-],2.85,0.58,1.74,O[O-],-14.23,-16.79,-15.23,C[O-],4.46,1.86,3.61,CO[O-],1.56,-1.69,0.27,C=CO[O-],-3.13,-3.43,-3.97,[SH-],14.96,14.9,14.2,[S-]S,3.86,3.97,3.18,C[S-],17.5,17.86,16.91,C[S-]S,14.36,14.4,13.54,C[S](=O)[O-]
31,CYN,Anthocyanidins,1,C1=C(C=C(C2=CC(=C(O[C]12)c1ccc(c(c1)O)O)O)O)O,Phenylpropanoids and polyketides,Flavonoids,7-hydroxyflavonoids,O22,-32.25,-34.07,-33.24,[OH-],-0.26,-1.21,-0.81,O[O-],-17.35,-18.57,-17.78,C[O-],1.34,0.07,1.07,CO[O-],-1.56,-3.48,-2.28,C=CO[O-],-6.24,-5.22,-6.51,[SH-],11.85,13.11,11.65,[S-]S,0.74,2.19,0.63,C[S-],14.38,16.07,14.37,C[S-]S,11.24,12.61,10.99,C[S](=O)[O-]
32,CYN,Anthocyanidins,1,C1=C(C=C(C2=CC(=C(O[C]12)c1ccc(c(c1)O)O)O)O)O,Phenylpropanoids and polyketides,Flavonoids,7-hydroxyflavonoids,O25,-22.6,-33.56,-26.48,[OH-],9.39,-0.69,5.96,O[O-],-7.7,-18.06,-11.01,C[O-],10.99,0.59,7.83,CO[O-],8.1,-2.97,4.49,C=CO[O-],3.41,-4.71,0.25,[SH-],21.5,13.63,18.42,[S-]S,10.39,2.7,7.4,C[S-],24.03,16.59,21.13,C[S-]S,20.9,13.12,17.76,C[S](=O)[O-]
33,CYN,Anthocyanidins,1,C1=C(C=C(C2=CC(=C(O[C]12)c1ccc(c(c1)O)O)O)O)O,Phenylpropanoids and polyketides,Flavonoids,7-hydroxyflavonoids,O26,-29.37,-33.82,-31.7,[OH-],2.62,-0.95,0.74,O[O-],-14.46,-18.32,-16.23,C[O-],4.22,0.33,2.62,CO[O-],1.33,-3.23,-0.73,C=CO[O-],-3.36,-4.97,-4.97,[SH-],14.73,13.37,13.2,[S-]S,3.63,2.44,2.18,C[S-],17.26,16.33,15.92,C[S-]S,14.13,12.86,12.54,C[S](=O)[O-]
34,DEL,Anthocyanidins,1,C1=C(C=C(C2=CC(=C(O[C]12)c1cc(c(c(c1)O)O)O)O)O)O,Phenylpropanoids and polyketides,Flavonoids,7-hydroxyflavonoids,C1,-0.89,-2.08,-0.7,[OH-],31.1,30.79,31.73,O[O-],14.01,13.42,14.77,C[O-],32.7,32.07,33.61,CO[O-],29.81,28.51,30.27,C=CO[O-],25.12,26.77,26.03,[SH-],43.21,45.11,44.19,[S-]S,32.1,34.18,33.18,C[S-],45.74,48.07,46.91,C[S-]S,42.61,44.6,43.54,C[S](=O)[O-]
35,DEL,Anthocyanidins,1,C1=C(C=C(C2=CC(=C(O[C]12)c1cc(c(c(c1)O)O)O)O)O)O,Phenylpropanoids and polyketides,Flavonoids,7-hydroxyflavonoids,C3,0.45,-3.24,-0.18,[OH-],32.44,29.63,32.26,O[O-],15.35,12.26,15.29,C[O-],34.04,30.91,34.14,CO[O-],31.14,27.35,30.79,C=CO[O-],26.46,25.61,26.55,[SH-],44.55,43.95,44.72,[S-]S,33.44,33.02,33.7,C[S-],47.08,46.91,47.44,C[S-]S,43.94,43.44,44.06,C[S](=O)[O-]
36,DEL,Anthocyanidins,1,C1=C(C=C(C2=CC(=C(O[C]12)c1cc(c(c(c1)O)O)O)O)O)O,Phenylpropanoids and polyketides,Flavonoids,7-hydroxyflavonoids,C10,0.44,-3.24,-0.18,[OH-],32.43,29.62,32.25,O[O-],15.34,12.26,15.29,C[O-],34.03,30.91,34.13,CO[O-],31.14,27.35,30.79,C=CO[O-],26.45,25.61,26.55,[SH-],44.54,43.94,44.71,[S-]S,33.43,33.02,33.7,C[S-],47.07,46.91,47.43,C[S-]S,43.94,43.44,44.06,C[S](=O)[O-]
37,DEL,Anthocyanidins,1,C1=C(C=C(C2=CC(=C(O[C]12)c1cc(c(c(c1)O)O)O)O)O)O,Phenylpropanoids and polyketides,Flavonoids,7-hydroxyflavonoids,C12,-6.43,-8.44,-6.5,[OH-],25.57,24.43,25.93,O[O-],8.48,7.06,8.97,C[O-],27.16,25.71,27.81,CO[O-],24.27,22.15,24.47,C=CO[O-],19.58,20.41,20.23,[SH-],37.68,38.75,38.39,[S-]S,26.57,27.82,27.38,C[S-],40.2,41.71,41.11,C[S-]S,37.07,38.24,37.74,C[S](=O)[O-]
38,DEL,Anthocyanidins,1,C1=C(C=C(C2=CC(=C(O[C]12)c1cc(c(c(c1)O)O)O)O)O)O,Phenylpropanoids and polyketides,Flavonoids,7-hydroxyflavonoids,C16,-4.44,-5.97,-4.49,[OH-],27.55,26.89,27.95,O[O-],10.47,9.53,10.98,C[O-],29.15,28.18,29.83,CO[O-],26.26,24.62,26.48,C=CO[O-],21.57,22.88,22.24,[SH-],39.66,41.21,40.41,[S-]S,28.56,30.29,29.39,C[S-],42.19,44.18,43.13,C[S-]S,39.06,40.71,39.75,C[S](=O)[O-]
39,DEL,Anthocyanidins,1,C1=C(C=C(C2=CC(=C(O[C]12)c1cc(c(c(c1)O)O)O)O)O)O,Phenylpropanoids and polyketides,Flavonoids,7-hydroxyflavonoids,O18,-28.64,-31.38,-30.05,[OH-],3.35,1.49,2.38,O[O-],-13.74,-15.88,-14.58,C[O-],4.95,2.77,4.26,CO[O-],2.06,-0.79,0.92,C=CO[O-],-2.63,-2.53,-3.32,[SH-],15.46,15.81,14.84,[S-]S,4.35,4.88,3.83,C[S-],17.99,18.77,17.56,C[S-]S,14.86,15.3,14.19,C[S](=O)[O-]
40,DEL,Anthocyanidins,1,C1=C(C=C(C2=CC(=C(O[C]12)c1cc(c(c(c1)O)O)O)O)O)O,Phenylpropanoids and polyketides,Flavonoids,7-hydroxyflavonoids,O20,-29.33,-32.34,-30.82,[OH-],2.66,0.53,1.61,O[O-],-14.43,-16.84,-15.36,C[O-],4.26,1.81,3.49,CO[O-],1.37,-1.74,0.14,C=CO[O-],-3.32,-3.49,-4.09,[SH-],14.77,14.85,14.07,[S-]S,3.66,3.92,3.05,C[S-],17.3,17.81,16.79,C[S-]S,14.17,14.35,13.41,C[S](=O)[O-]
41,DEL,Anthocyanidins,1,C1=C(C=C(C2=CC(=C(O[C]12)c1cc(c(c(c1)O)O)O)O)O)O,Phenylpropanoids and polyketides,Flavonoids,7-hydroxyflavonoids,O22,-33.21,-33.91,-33.76,[OH-],-1.22,-1.04,-1.32,O[O-],-18.31,-18.41,-18.29,C[O-],0.38,0.24,0.55,CO[O-],-2.52,-3.32,-2.79,C=CO[O-],-7.2,-5.06,-7.03,[SH-],10.89,13.28,11.14,[S-]S,-0.22,2.35,0.12,C[S-],13.42,16.24,13.85,C[S-]S,10.28,12.77,10.48,C[S](=O)[O-]
42,DEL,Anthocyanidins,1,C1=C(C=C(C2=CC(=C(O[C]12)c1cc(c(c(c1)O)O)O)O)O)O,Phenylpropanoids and polyketides,Flavonoids,7-hydroxyflavonoids,O24,-25.71,-33.09,-28.73,[OH-],6.28,-0.22,3.71,O[O-],-10.81,-17.59,-13.26,C[O-],7.88,1.06,5.58,CO[O-],4.99,-2.5,2.24,C=CO[O-],0.3,-4.24,-2,[SH-],18.39,14.1,16.17,[S-]S,7.28,3.17,5.15,C[S-],20.92,17.06,18.88,C[S-]S,17.79,13.59,15.51,C[S](=O)[O-]
43,DEL,Anthocyanidins,1,C1=C(C=C(C2=CC(=C(O[C]12)c1cc(c(c(c1)O)O)O)O)O)O,Phenylpropanoids and polyketides,Flavonoids,7-hydroxyflavonoids,O25,-25.71,-33.09,-28.73,[OH-],6.28,-0.22,3.71,O[O-],-10.81,-17.59,-13.26,C[O-],7.88,1.06,5.58,CO[O-],4.99,-2.5,2.24,C=CO[O-],0.3,-4.24,-2,[SH-],18.39,14.1,16.17,[S-]S,7.28,3.17,5.15,C[S-],20.92,17.06,18.88,C[S-]S,17.79,13.59,15.51,C[S](=O)[O-]
44,DEL,Anthocyanidins,1,C1=C(C=C(C2=CC(=C(O[C]12)c1cc(c(c(c1)O)O)O)O)O)O,Phenylpropanoids and polyketides,Flavonoids,7-hydroxyflavonoids,O26,-29.09,-33.33,-31.3,[OH-],2.9,-0.46,1.14,O[O-],-14.18,-17.83,-15.83,C[O-],4.51,0.82,3.01,CO[O-],1.61,-2.74,-0.33,C=CO[O-],-3.08,-4.48,-4.57,[SH-],15.01,13.86,13.6,[S-]S,3.91,2.93,2.58,C[S-],17.55,16.82,16.31,C[S-]S,14.41,13.35,12.94,C[S](=O)[O-]
45,EUR,Anthocyanidins,1,C1=C(C=C(C2=CC(=C(O[C]12)c1cc(c(c(c1)OC)O)O)O)OC)O,Phenylpropanoids and polyketides,Flavonoids,3-O-methylated flavonoids,C1,-0.95,-2.27,-0.89,[OH-],31.04,30.6,31.55,O[O-],13.95,13.23,14.58,C[O-],32.64,31.88,33.42,CO[O-],29.74,28.32,30.08,C=CO[O-],25.06,26.58,25.84,[SH-],43.15,44.92,44.01,[S-]S,32.04,33.99,32.99,C[S-],45.68,47.88,46.72,C[S-]S,42.54,44.41,43.35,C[S](=O)[O-]
46,EUR,Anthocyanidins,1,C1=C(C=C(C2=CC(=C(O[C]12)c1cc(c(c(c1)OC)O)O)O)OC)O,Phenylpropanoids and polyketides,Flavonoids,3-O-methylated flavonoids,C3,-2.13,-5.02,-2.54,[OH-],29.86,27.85,29.89,O[O-],12.77,10.48,12.93,C[O-],31.46,29.13,31.77,CO[O-],28.56,25.57,28.43,C=CO[O-],23.88,23.83,24.19,[SH-],41.97,42.17,42.35,[S-]S,30.86,31.24,31.34,C[S-],44.5,45.13,45.07,C[S-]S,41.36,41.66,41.7,C[S](=O)[O-]
47,EUR,Anthocyanidins,1,C1=C(C=C(C2=CC(=C(O[C]12)c1cc(c(c(c1)OC)O)O)O)OC)O,Phenylpropanoids and polyketides,Flavonoids,3-O-methylated flavonoids,C10,-4.69,-7.72,-5.18,[OH-],27.3,25.15,27.25,O[O-],10.21,7.78,10.29,C[O-],28.9,26.43,29.13,CO[O-],26,22.87,25.78,C=CO[O-],21.32,21.13,21.55,[SH-],39.41,39.47,39.71,[S-]S,28.3,28.54,28.7,C[S-],41.94,42.43,42.43,C[S-]S,38.8,38.96,39.05,C[S](=O)[O-]
48,EUR,Anthocyanidins,1,C1=C(C=C(C2=CC(=C(O[C]12)c1cc(c(c(c1)OC)O)O)O)OC)O,Phenylpropanoids and polyketides,Flavonoids,3-O-methylated flavonoids,O18,-23.64,-30.01,-26.35,[OH-],8.35,2.85,6.09,O[O-],-8.73,-14.51,-10.88,C[O-],9.95,4.13,7.96,CO[O-],7.06,0.58,4.62,C=CO[O-],2.37,-1.16,0.38,[SH-],20.46,17.17,18.55,[S-]S,9.36,6.25,7.53,C[S-],22.99,20.13,21.26,C[S-]S,19.86,16.67,17.89,C[S](=O)[O-]
49,EUR,Anthocyanidins,1,C1=C(C=C(C2=CC(=C(O[C]12)c1cc(c(c(c1)OC)O)O)O)OC)O,Phenylpropanoids and polyketides,Flavonoids,3-O-methylated flavonoids,O22,-30.58,-33.92,-32.13,[OH-],1.41,-1.05,0.31,O[O-],-15.68,-18.42,-16.66,C[O-],3.01,0.23,2.18,CO[O-],0.12,-3.33,-1.16,C=CO[O-],-4.57,-5.07,-5.4,[SH-],13.52,13.27,12.77,[S-]S,2.41,2.34,1.75,C[S-],16.05,16.23,15.48,C[S-]S,12.92,12.76,12.11,C[S](=O)[O-]
50,EUR,Anthocyanidins,1,C1=C(C=C(C2=CC(=C(O[C]12)c1cc(c(c(c1)OC)O)O)O)OC)O,Phenylpropanoids and polyketides,Flavonoids,3-O-methylated flavonoids,O24,-22.03,-32.74,-25.95,[OH-],9.96,0.13,6.49,O[O-],-7.13,-17.24,-10.48,C[O-],11.56,1.41,8.37,CO[O-],8.67,-2.15,5.02,C=CO[O-],3.98,-3.89,0.78,[SH-],22.07,14.45,18.95,[S-]S,10.96,3.52,7.93,C[S-],24.6,17.41,21.67,C[S-]S,21.47,13.94,18.29,C[S](=O)[O-]
51,EUR,Anthocyanidins,1,C1=C(C=C(C2=CC(=C(O[C]12)c1cc(c(c(c1)OC)O)O)O)OC)O,Phenylpropanoids and polyketides,Flavonoids,3-O-methylated flavonoids,O25,-31.46,-38.42,-34.21,[OH-],0.53,-5.55,-1.78,O[O-],-16.56,-22.92,-18.74,C[O-],2.13,-4.27,0.1,CO[O-],-0.77,-7.83,-3.24,C=CO[O-],-5.45,-9.57,-7.48,[SH-],12.64,8.77,10.68,[S-]S,1.53,-2.16,-0.33,C[S-],15.17,11.73,13.4,C[S-]S,12.03,8.26,10.03,C[S](=O)[O-]
52,EUR,Anthocyanidins,1,C1=C(C=C(C2=CC(=C(O[C]12)c1cc(c(c(c1)OC)O)O)O)OC)O,Phenylpropanoids and polyketides,Flavonoids,3-O-methylated flavonoids,C28,-17.78,-20.11,-17.5,[OH-],14.21,12.76,14.94,O[O-],-2.87,-4.61,-2.03,C[O-],15.81,14.04,16.82,CO[O-],12.92,10.48,13.47,C=CO[O-],8.23,8.74,9.23,[SH-],26.32,27.08,27.4,[S-]S,15.22,16.15,16.38,C[S-],28.85,30.04,30.12,C[S-]S,25.72,26.57,26.74,C[S](=O)[O-]
53,EUR,Anthocyanidins,1,C1=C(C=C(C2=CC(=C(O[C]12)c1cc(c(c(c1)OC)O)O)O)OC)O,Phenylpropanoids and polyketides,Flavonoids,3-O-methylated flavonoids,C30,-18.66,-20.61,-18.31,[OH-],13.34,12.26,14.12,O[O-],-3.75,-5.11,-2.84,C[O-],14.94,13.54,16,CO[O-],12.04,9.98,12.66,C=CO[O-],7.35,8.24,8.42,[SH-],25.45,26.58,26.58,[S-]S,14.34,15.65,15.57,C[S-],27.98,29.54,29.3,C[S-]S,24.84,26.07,25.93,C[S](=O)[O-]
54,HIR,Anthocyanidins,1,C1=C(C=C(C2=CC(=C(O[C]12)c1cc(c(c(c1)OC)O)OC)O)O)OC,Phenylpropanoids and polyketides,Flavonoids,3-O-methylated flavonoids,C1,-2.42,-3.92,-2.33,[OH-],29.57,28.95,30.1,O[O-],12.48,11.58,13.13,C[O-],31.17,30.23,31.98,CO[O-],28.28,26.67,28.63,C=CO[O-],23.59,24.93,24.4,[SH-],41.68,43.27,42.56,[S-]S,30.57,32.34,31.54,C[S-],44.21,46.23,45.28,C[S-]S,41.08,42.76,41.9,C[S](=O)[O-]
55,HIR,Anthocyanidins,1,C1=C(C=C(C2=CC(=C(O[C]12)c1cc(c(c(c1)OC)O)OC)O)O)OC,Phenylpropanoids and polyketides,Flavonoids,3-O-methylated flavonoids,C3,-6.46,-5.4,-5.65,[OH-],25.53,27.47,26.79,O[O-],8.44,10.1,9.82,C[O-],27.13,28.75,28.66,CO[O-],24.23,25.19,25.32,C=CO[O-],19.55,23.45,21.08,[SH-],37.64,41.79,39.25,[S-]S,26.53,30.86,28.23,C[S-],40.17,44.75,41.96,C[S-]S,37.03,41.28,38.59,C[S](=O)[O-]
56,HIR,Anthocyanidins,1,C1=C(C=C(C2=CC(=C(O[C]12)c1cc(c(c(c1)OC)O)OC)O)O)OC,Phenylpropanoids and polyketides,Flavonoids,3-O-methylated flavonoids,C10,-5.99,-6.2,-5.55,[OH-],26,26.67,26.89,O[O-],8.91,9.3,9.92,C[O-],27.6,27.95,28.77,CO[O-],24.7,24.39,25.42,C=CO[O-],20.02,22.65,21.18,[SH-],38.11,40.99,39.35,[S-]S,27,30.06,28.33,C[S-],40.64,43.95,42.07,C[S-]S,37.5,40.48,38.69,C[S](=O)[O-]
57,HIR,Anthocyanidins,1,C1=C(C=C(C2=CC(=C(O[C]12)c1cc(c(c(c1)OC)O)OC)O)O)OC,Phenylpropanoids and polyketides,Flavonoids,3-O-methylated flavonoids,C12,-5.27,-8.28,-5.77,[OH-],26.72,24.59,26.67,O[O-],9.63,7.22,9.7,C[O-],28.32,25.87,28.55,CO[O-],25.43,22.31,25.2,C=CO[O-],20.74,20.57,20.96,[SH-],38.83,38.91,39.13,[S-]S,27.72,27.98,28.11,C[S-],41.36,41.87,41.85,C[S-]S,38.23,38.4,38.47,C[S](=O)[O-]
58,HIR,Anthocyanidins,1,C1=C(C=C(C2=CC(=C(O[C]12)c1cc(c(c(c1)OC)O)OC)O)O)OC,Phenylpropanoids and polyketides,Flavonoids,3-O-methylated flavonoids,C16,-5.57,-7.71,-5.83,[OH-],26.42,25.16,26.61,O[O-],9.34,7.79,9.64,C[O-],28.02,26.44,28.48,CO[O-],25.13,22.88,25.14,C=CO[O-],20.44,21.14,20.9,[SH-],38.53,39.48,39.07,[S-]S,27.43,28.55,28.05,C[S-],41.06,42.44,41.78,C[S-]S,37.93,38.97,38.41,C[S](=O)[O-]
59,HIR,Anthocyanidins,1,C1=C(C=C(C2=CC(=C(O[C]12)c1cc(c(c(c1)OC)O)OC)O)O)OC,Phenylpropanoids and polyketides,Flavonoids,3-O-methylated flavonoids,O20,-29.09,-31.37,-30.47,[OH-],2.9,1.5,1.96,O[O-],-14.18,-15.87,-15,C[O-],4.51,2.78,3.84,CO[O-],1.61,-0.78,0.5,C=CO[O-],-3.08,-2.52,-3.74,[SH-],15.01,15.82,14.42,[S-]S,3.91,4.89,3.41,C[S-],17.55,18.78,17.14,C[S-]S,14.41,15.31,13.77,C[S](=O)[O-]
60,HIR,Anthocyanidins,1,C1=C(C=C(C2=CC(=C(O[C]12)c1cc(c(c(c1)OC)O)OC)O)O)OC,Phenylpropanoids and polyketides,Flavonoids,3-O-methylated flavonoids,O22,-32.6,-34.13,-33.67,[OH-],-0.61,-1.26,-1.23,O[O-],-17.7,-18.63,-18.2,C[O-],0.98,0.02,0.65,CO[O-],-1.91,-3.54,-2.7,C=CO[O-],-6.59,-5.28,-6.94,[SH-],11.5,13.06,11.23,[S-]S,0.39,2.13,0.21,C[S-],14.02,16.02,13.95,C[S-]S,10.89,12.55,10.57,C[S](=O)[O-]
61,HIR,Anthocyanidins,1,C1=C(C=C(C2=CC(=C(O[C]12)c1cc(c(c(c1)OC)O)OC)O)O)OC,Phenylpropanoids and polyketides,Flavonoids,3-O-methylated flavonoids,O25,-30.8,-36.66,-32.66,[OH-],1.19,-3.79,-0.22,O[O-],-15.89,-21.16,-17.19,C[O-],2.79,-2.51,1.66,CO[O-],-0.1,-6.07,-1.69,C=CO[O-],-4.79,-7.81,-5.93,[SH-],13.3,10.53,12.24,[S-]S,2.2,-0.4,1.22,C[S-],15.83,13.49,14.96,C[S-]S,12.7,10.02,11.58,C[S](=O)[O-]
62,HIR,Anthocyanidins,1,C1=C(C=C(C2=CC(=C(O[C]12)c1cc(c(c(c1)OC)O)OC)O)O)OC,Phenylpropanoids and polyketides,Flavonoids,3-O-methylated flavonoids,C31,-18.46,-20.04,-18.01,[OH-],13.53,12.83,14.43,O[O-],-3.56,-4.54,-2.54,C[O-],15.13,14.11,16.3,CO[O-],12.24,10.55,12.96,C=CO[O-],7.55,8.81,8.72,[SH-],25.64,27.15,26.89,[S-]S,14.53,16.22,15.87,C[S-],28.17,30.11,29.6,C[S-]S,25.04,26.64,26.23,C[S](=O)[O-]
63,HIR,Anthocyanidins,1,C1=C(C=C(C2=CC(=C(O[C]12)c1cc(c(c(c1)OC)O)OC)O)O)OC,Phenylpropanoids and polyketides,Flavonoids,3-O-methylated flavonoids,C29,-19.27,-22.57,-19.44,[OH-],12.72,10.3,13,O[O-],-4.37,-7.07,-3.97,C[O-],14.32,11.58,14.87,CO[O-],11.43,8.02,11.53,C=CO[O-],6.74,6.28,7.29,[SH-],24.83,24.62,25.46,[S-]S,13.72,13.69,14.44,C[S-],27.36,27.58,28.17,C[S-]S,24.23,24.11,24.8,C[S](=O)[O-]
64,HIR,Anthocyanidins,1,C1=C(C=C(C2=CC(=C(O[C]12)c1cc(c(c(c1)OC)O)OC)O)O)OC,Phenylpropanoids and polyketides,Flavonoids,3-O-methylated flavonoids,C30,-19.16,-21.12,-18.74,[OH-],12.83,11.75,13.69,O[O-],-4.25,-5.62,-3.28,C[O-],14.43,13.03,15.57,CO[O-],11.54,9.47,12.22,C=CO[O-],6.85,7.73,7.99,[SH-],24.94,26.07,26.15,[S-]S,13.84,15.14,15.13,C[S-],27.47,29.03,28.87,C[S-]S,24.34,25.56,25.49,C[S](=O)[O-]
65,MAL,Anthocyanidins,1,C1=C(C=C(C2=CC(=C(O[C]12)c1cc(c(c(c1)OC)O)OC)O)O)O,Phenylpropanoids and polyketides,Flavonoids,3-O-methylated flavonoids,C1,1.02,-1.48,0.78,[OH-],33.01,31.39,33.21,O[O-],15.92,14.02,16.25,C[O-],34.61,32.67,35.09,CO[O-],31.71,29.11,31.75,C=CO[O-],27.03,27.37,27.51,[SH-],45.12,45.71,45.67,[S-]S,34.01,34.78,34.66,C[S-],47.65,48.67,48.39,C[S-]S,44.51,45.2,45.02,C[S](=O)[O-]
66,MAL,Anthocyanidins,1,C1=C(C=C(C2=CC(=C(O[C]12)c1cc(c(c(c1)OC)O)OC)O)O)O,Phenylpropanoids and polyketides,Flavonoids,3-O-methylated flavonoids,C3,-1.36,-3.66,-1.59,[OH-],30.63,29.21,30.85,O[O-],13.54,11.84,13.88,C[O-],32.23,30.49,32.73,CO[O-],29.34,26.93,29.38,C=CO[O-],24.65,25.19,25.14,[SH-],42.74,43.53,43.31,[S-]S,31.63,32.6,32.29,C[S-],45.27,46.49,46.03,C[S-]S,42.14,43.02,42.65,C[S](=O)[O-]
67,MAL,Anthocyanidins,1,C1=C(C=C(C2=CC(=C(O[C]12)c1cc(c(c(c1)OC)O)OC)O)O)O,Phenylpropanoids and polyketides,Flavonoids,3-O-methylated flavonoids,C10,-5.57,-5.55,-5,[OH-],26.42,27.32,27.44,O[O-],9.34,9.95,10.47,C[O-],28.02,28.6,29.32,CO[O-],25.13,25.04,25.97,C=CO[O-],20.44,23.3,21.73,[SH-],38.53,41.64,39.9,[S-]S,27.43,30.71,28.88,C[S-],41.06,44.6,42.62,C[S-]S,37.93,41.13,39.24,C[S](=O)[O-]
68,MAL,Anthocyanidins,1,C1=C(C=C(C2=CC(=C(O[C]12)c1cc(c(c(c1)OC)O)OC)O)O)O,Phenylpropanoids and polyketides,Flavonoids,3-O-methylated flavonoids,C12,-4.9,-7.98,-5.42,[OH-],27.09,24.89,27.01,O[O-],10,7.52,10.05,C[O-],28.69,26.17,28.89,CO[O-],25.8,22.61,25.55,C=CO[O-],21.11,20.87,21.31,[SH-],39.2,39.21,39.47,[S-]S,28.09,28.28,28.46,C[S-],41.73,42.17,42.19,C[S-]S,38.6,38.7,38.82,C[S](=O)[O-]
69,MAL,Anthocyanidins,1,C1=C(C=C(C2=CC(=C(O[C]12)c1cc(c(c(c1)OC)O)OC)O)O)O,Phenylpropanoids and polyketides,Flavonoids,3-O-methylated flavonoids,C16,-4.93,-7.29,-5.24,[OH-],27.06,25.58,27.2,O[O-],9.97,8.21,10.23,C[O-],28.66,26.86,29.07,CO[O-],25.77,23.31,25.73,C=CO[O-],21.08,21.56,21.49,[SH-],39.17,39.9,39.66,[S-]S,28.06,28.97,28.64,C[S-],41.7,42.86,42.37,C[S-]S,38.57,39.4,39,C[S](=O)[O-]
70,MAL,Anthocyanidins,1,C1=C(C=C(C2=CC(=C(O[C]12)c1cc(c(c(c1)OC)O)OC)O)O)O,Phenylpropanoids and polyketides,Flavonoids,3-O-methylated flavonoids,O18,-27.69,-30.87,-29.28,[OH-],4.3,2,3.16,O[O-],-12.78,-15.37,-13.81,C[O-],5.91,3.28,5.03,CO[O-],3.01,-0.28,1.69,C=CO[O-],-1.68,-2.02,-2.55,[SH-],16.41,16.32,15.62,[S-]S,5.31,5.39,4.6,C[S-],18.95,19.28,18.33,C[S-]S,15.81,15.81,14.96,C[S](=O)[O-]
71,MAL,Anthocyanidins,1,C1=C(C=C(C2=CC(=C(O[C]12)c1cc(c(c(c1)OC)O)OC)O)O)O,Phenylpropanoids and polyketides,Flavonoids,3-O-methylated flavonoids,O20,-30.13,-32.06,-31.32,[OH-],1.86,0.81,1.11,O[O-],-15.22,-16.56,-15.86,C[O-],3.46,2.09,2.99,CO[O-],0.57,-1.47,-0.36,C=CO[O-],-4.12,-3.21,-4.59,[SH-],13.97,15.13,13.57,[S-]S,2.87,4.2,2.55,C[S-],16.5,18.09,16.29,C[S-]S,13.37,14.62,12.91,C[S](=O)[O-]
72,MAL,Anthocyanidins,1,C1=C(C=C(C2=CC(=C(O[C]12)c1cc(c(c(c1)OC)O)OC)O)O)O,Phenylpropanoids and polyketides,Flavonoids,3-O-methylated flavonoids,O22,-32.28,-33.65,-33.17,[OH-],-0.29,-0.78,-0.73,O[O-],-17.38,-18.15,-17.7,C[O-],1.3,0.5,1.14,CO[O-],-1.59,-3.06,-2.2,C=CO[O-],-6.27,-4.8,-6.44,[SH-],11.82,13.54,11.73,[S-]S,0.71,2.61,0.71,C[S-],14.34,16.5,14.44,C[S-]S,11.21,13.03,11.07,C[S](=O)[O-]
73,MAL,Anthocyanidins,1,C1=C(C=C(C2=CC(=C(O[C]12)c1cc(c(c(c1)OC)O)OC)O)O)O,Phenylpropanoids and polyketides,Flavonoids,3-O-methylated flavonoids,O25,-30.27,-36.26,-32.1,[OH-],1.73,-3.4,0.33,O[O-],-15.36,-20.76,-16.64,C[O-],3.33,-2.12,2.21,CO[O-],0.43,-5.67,-1.14,C=CO[O-],-4.26,-7.41,-5.37,[SH-],13.84,10.92,12.79,[S-]S,2.73,0,1.77,C[S-],16.37,13.88,15.51,C[S-]S,13.23,10.42,12.13,C[S](=O)[O-]
74,MAL,Anthocyanidins,1,C1=C(C=C(C2=CC(=C(O[C]12)c1cc(c(c(c1)OC)O)OC)O)O)O,Phenylpropanoids and polyketides,Flavonoids,3-O-methylated flavonoids,C30,-19.23,-22.55,-19.4,[OH-],12.76,10.32,13.04,O[O-],-4.33,-7.05,-3.93,C[O-],14.36,11.6,14.92,CO[O-],11.46,8.04,11.57,C=CO[O-],6.78,6.3,7.33,[SH-],24.87,24.64,25.5,[S-]S,13.76,13.71,14.48,C[S-],27.4,27.6,28.22,C[S-]S,24.26,24.13,24.84,C[S](=O)[O-]
75,MAL,Anthocyanidins,1,C1=C(C=C(C2=CC(=C(O[C]12)c1cc(c(c(c1)OC)O)OC)O)O)O,Phenylpropanoids and polyketides,Flavonoids,3-O-methylated flavonoids,C29,-18.3,-20.61,-17.9,[OH-],13.69,12.26,14.54,O[O-],-3.4,-5.11,-2.43,C[O-],15.29,13.54,16.42,CO[O-],12.39,9.98,13.07,C=CO[O-],7.71,8.24,8.83,[SH-],25.8,26.58,27,[S-]S,14.69,15.65,15.98,C[S-],28.33,29.54,29.72,C[S-]S,25.19,26.07,26.34,C[S](=O)[O-]
76,PEL,Anthocyanidins,1,C1=C(C=C(C2=CC(=C(O[C]12)c1ccc(cc1)O)O)O)O,Phenylpropanoids and polyketides,Flavonoids,7-hydroxyflavonoids,C1,-0.49,-2.12,-0.54,[OH-],31.5,30.75,31.9,O[O-],14.41,13.38,14.93,C[O-],33.1,32.03,33.77,CO[O-],30.21,28.48,30.43,C=CO[O-],25.52,26.73,26.19,[SH-],43.61,45.07,44.36,[S-]S,32.5,34.14,33.34,C[S-],46.14,48.03,47.07,C[S-]S,43.01,44.57,43.7,C[S](=O)[O-]
77,PEL,Anthocyanidins,1,C1=C(C=C(C2=CC(=C(O[C]12)c1ccc(cc1)O)O)O)O,Phenylpropanoids and polyketides,Flavonoids,7-hydroxyflavonoids,C3,-0.8,-3.49,-1.15,[OH-],31.19,29.38,31.29,O[O-],14.11,12.01,14.32,C[O-],32.79,30.66,33.16,CO[O-],29.9,27.1,29.82,C=CO[O-],25.21,25.36,25.58,[SH-],43.3,43.7,43.75,[S-]S,32.2,32.77,32.73,C[S-],45.83,46.66,46.46,C[S-]S,42.7,43.19,43.09,C[S](=O)[O-]
78,PEL,Anthocyanidins,1,C1=C(C=C(C2=CC(=C(O[C]12)c1ccc(cc1)O)O)O)O,Phenylpropanoids and polyketides,Flavonoids,7-hydroxyflavonoids,C10,-0.8,-3.49,-1.16,[OH-],31.19,29.38,31.28,O[O-],14.1,12.01,14.31,C[O-],32.79,30.66,33.16,CO[O-],29.89,27.1,29.81,C=CO[O-],25.21,25.36,25.57,[SH-],43.3,43.7,43.74,[S-]S,32.19,32.77,32.72,C[S-],45.83,46.66,46.46,C[S-]S,42.69,43.19,43.08,C[S](=O)[O-]
79,PEL,Anthocyanidins,1,C1=C(C=C(C2=CC(=C(O[C]12)c1ccc(cc1)O)O)O)O,Phenylpropanoids and polyketides,Flavonoids,7-hydroxyflavonoids,C12,-7.34,-10.49,-7.91,[OH-],24.65,22.38,24.53,O[O-],7.56,5.01,7.56,C[O-],26.25,23.66,26.41,CO[O-],23.36,20.11,23.06,C=CO[O-],18.67,18.36,18.82,[SH-],36.76,36.7,36.99,[S-]S,25.65,25.77,25.97,C[S-],39.29,39.66,39.71,C[S-]S,36.16,36.2,36.33,C[S](=O)[O-]
80,PEL,Anthocyanidins,1,C1=C(C=C(C2=CC(=C(O[C]12)c1ccc(cc1)O)O)O)O,Phenylpropanoids and polyketides,Flavonoids,7-hydroxyflavonoids,C13,-2.46,-6.18,-3.26,[OH-],29.53,26.69,29.18,O[O-],12.44,9.32,12.21,C[O-],31.13,27.97,31.05,CO[O-],28.24,24.41,27.71,C=CO[O-],23.55,22.67,23.47,[SH-],41.64,41.01,41.64,[S-]S,30.53,30.08,30.62,C[S-],44.17,43.97,44.35,C[S-]S,41.04,40.5,40.98,C[S](=O)[O-]
81,PEL,Anthocyanidins,1,C1=C(C=C(C2=CC(=C(O[C]12)c1ccc(cc1)O)O)O)O,Phenylpropanoids and polyketides,Flavonoids,7-hydroxyflavonoids,C15,-4.2,-6.35,-4.5,[OH-],27.79,26.52,27.94,O[O-],10.71,9.15,10.97,C[O-],29.39,27.8,29.81,CO[O-],26.5,24.24,26.47,C=CO[O-],21.81,22.5,22.23,[SH-],39.9,40.84,40.4,[S-]S,28.8,29.91,29.38,C[S-],42.43,43.8,43.11,C[S-]S,39.3,40.33,39.74,C[S](=O)[O-]
82,PEL,Anthocyanidins,1,C1=C(C=C(C2=CC(=C(O[C]12)c1ccc(cc1)O)O)O)O,Phenylpropanoids and polyketides,Flavonoids,7-hydroxyflavonoids,C16,-6.05,-8.32,-6.38,[OH-],25.94,24.55,26.06,O[O-],8.85,7.18,9.09,C[O-],27.54,25.83,27.94,CO[O-],24.65,22.27,24.59,C=CO[O-],19.96,20.53,20.35,[SH-],38.05,38.87,38.52,[S-]S,26.94,27.94,27.5,C[S-],40.58,41.83,41.24,C[S-]S,37.45,38.36,37.86,C[S](=O)[O-]
83,PEL,Anthocyanidins,1,C1=C(C=C(C2=CC(=C(O[C]12)c1ccc(cc1)O)O)O)O,Phenylpropanoids and polyketides,Flavonoids,7-hydroxyflavonoids,O18,-22.3,-29.71,-25.4,[OH-],9.69,3.16,7.03,O[O-],-7.4,-14.21,-9.93,C[O-],11.29,4.44,8.91,CO[O-],8.4,0.88,5.57,C=CO[O-],3.71,-0.86,1.33,[SH-],21.8,17.48,19.49,[S-]S,10.69,6.55,8.48,C[S-],24.33,20.44,22.21,C[S-]S,21.2,16.97,18.84,C[S](=O)[O-]
84,PEL,Anthocyanidins,1,C1=C(C=C(C2=CC(=C(O[C]12)c1ccc(cc1)O)O)O)O,Phenylpropanoids and polyketides,Flavonoids,7-hydroxyflavonoids,O20,-23.48,-30.38,-26.31,[OH-],8.52,2.48,6.12,O[O-],-8.57,-14.88,-10.84,C[O-],10.12,3.77,8,CO[O-],7.22,0.21,4.66,C=CO[O-],2.53,-1.53,0.42,[SH-],20.63,16.8,18.58,[S-]S,9.52,5.88,7.57,C[S-],23.16,19.77,21.3,C[S-]S,20.02,16.3,17.93,C[S](=O)[O-]
85,PEL,Anthocyanidins,1,C1=C(C=C(C2=CC(=C(O[C]12)c1ccc(cc1)O)O)O)O,Phenylpropanoids and polyketides,Flavonoids,7-hydroxyflavonoids,O22,-30.01,-33.84,-31.68,[OH-],1.98,-0.97,0.76,O[O-],-15.1,-18.34,-16.21,C[O-],3.58,0.31,2.64,CO[O-],0.69,-3.24,-0.71,C=CO[O-],-4,-4.99,-4.95,[SH-],14.09,13.35,13.22,[S-]S,2.99,2.42,2.2,C[S-],16.62,16.31,15.94,C[S-]S,13.49,12.85,12.56,C[S](=O)[O-]
86,PEL,Anthocyanidins,1,C1=C(C=C(C2=CC(=C(O[C]12)c1ccc(cc1)O)O)O)O,Phenylpropanoids and polyketides,Flavonoids,7-hydroxyflavonoids,O25,-21.26,-29.63,-24.85,[OH-],10.73,3.24,7.59,O[O-],-6.36,-14.13,-9.38,C[O-],12.33,4.52,9.46,CO[O-],9.44,0.96,6.12,C=CO[O-],4.75,-0.78,1.88,[SH-],22.84,17.56,20.05,[S-]S,11.73,6.63,9.03,C[S-],25.37,20.52,22.76,C[S-]S,22.24,17.05,19.39,C[S](=O)[O-]
87,PEO,Anthocyanidins,1,C1=C(C=C(C2=CC(=C(O[C]12)c1ccc(c(c1)OC)O)O)O)O,Phenylpropanoids and polyketides,Flavonoids,3-O-methylated flavonoids,C1,-0.65,-2.18,-0.67,[OH-],31.34,30.68,31.77,O[O-],14.25,13.32,14.8,C[O-],32.94,31.96,33.64,CO[O-],30.05,28.41,30.3,C=CO[O-],25.36,26.67,26.06,[SH-],43.45,45,44.23,[S-]S,32.34,34.08,33.21,C[S-],45.98,47.96,46.94,C[S-]S,42.85,44.5,43.57,C[S](=O)[O-]
88,PEO,Anthocyanidins,1,C1=C(C=C(C2=CC(=C(O[C]12)c1ccc(c(c1)OC)O)O)O)O,Phenylpropanoids and polyketides,Flavonoids,3-O-methylated flavonoids,C3,-0.86,-3.51,-1.21,[OH-],31.13,29.36,31.23,O[O-],14.04,11.99,14.26,C[O-],32.73,30.64,33.1,CO[O-],29.84,27.08,29.76,C=CO[O-],25.15,25.34,25.52,[SH-],43.24,43.68,43.69,[S-]S,32.13,32.75,32.67,C[S-],45.77,46.64,46.4,C[S-]S,42.64,43.17,43.03,C[S](=O)[O-]
89,PEO,Anthocyanidins,1,C1=C(C=C(C2=CC(=C(O[C]12)c1ccc(c(c1)OC)O)O)O)O,Phenylpropanoids and polyketides,Flavonoids,3-O-methylated flavonoids,C10,-3.35,-5.33,-3.54,[OH-],28.65,27.54,28.9,O[O-],11.56,10.17,11.93,C[O-],30.25,28.82,30.77,CO[O-],27.35,25.26,27.43,C=CO[O-],22.66,23.52,23.19,[SH-],40.76,41.86,41.36,[S-]S,29.65,30.93,30.34,C[S-],43.29,44.82,44.07,C[S-]S,40.15,41.35,40.7,C[S](=O)[O-]
90,PEO,Anthocyanidins,1,C1=C(C=C(C2=CC(=C(O[C]12)c1ccc(c(c1)OC)O)O)O)O,Phenylpropanoids and polyketides,Flavonoids,3-O-methylated flavonoids,C12,-6.99,-9.95,-7.45,[OH-],25,22.92,24.99,O[O-],7.91,5.55,8.02,C[O-],26.6,24.2,26.86,CO[O-],23.71,20.64,23.52,C=CO[O-],19.02,18.9,19.28,[SH-],37.11,37.24,37.45,[S-]S,26,26.31,26.43,C[S-],39.64,40.2,40.16,C[S-]S,36.51,36.73,36.79,C[S](=O)[O-]
91,PEO,Anthocyanidins,1,C1=C(C=C(C2=CC(=C(O[C]12)c1ccc(c(c1)OC)O)O)O)O,Phenylpropanoids and polyketides,Flavonoids,3-O-methylated flavonoids,C13,-2.28,-5.95,-3.02,[OH-],29.71,26.92,29.42,O[O-],12.63,9.55,12.45,C[O-],31.31,28.2,31.29,CO[O-],28.42,24.64,27.95,C=CO[O-],23.73,22.9,23.71,[SH-],41.82,41.24,41.88,[S-]S,30.72,30.31,30.86,C[S-],44.35,44.2,44.59,C[S-]S,41.22,40.73,41.22,C[S](=O)[O-]
92,PEO,Anthocyanidins,1,C1=C(C=C(C2=CC(=C(O[C]12)c1ccc(c(c1)OC)O)O)O)O,Phenylpropanoids and polyketides,Flavonoids,3-O-methylated flavonoids,C16,-5.77,-7.88,-6.12,[OH-],26.22,24.99,26.31,O[O-],9.13,7.62,9.34,C[O-],27.82,26.27,28.19,CO[O-],24.93,22.71,24.84,C=CO[O-],20.24,20.97,20.61,[SH-],38.33,39.31,38.77,[S-]S,27.22,28.38,27.75,C[S-],40.86,42.27,41.49,C[S-]S,37.73,38.8,38.11,C[S](=O)[O-]
93,PEO,Anthocyanidins,1,C1=C(C=C(C2=CC(=C(O[C]12)c1ccc(c(c1)OC)O)O)O)O,Phenylpropanoids and polyketides,Flavonoids,3-O-methylated flavonoids,O18,-23.72,-30.42,-26.55,[OH-],8.27,2.45,5.89,O[O-],-8.82,-14.92,-11.08,C[O-],9.87,3.73,7.76,CO[O-],6.98,0.17,4.42,C=CO[O-],2.29,-1.57,0.18,[SH-],20.38,16.77,18.35,[S-]S,9.27,5.84,7.33,C[S-],22.91,19.73,21.06,C[S-]S,19.78,16.26,17.69,C[S](=O)[O-]
94,PEO,Anthocyanidins,1,C1=C(C=C(C2=CC(=C(O[C]12)c1ccc(c(c1)OC)O)O)O)O,Phenylpropanoids and polyketides,Flavonoids,3-O-methylated flavonoids,O20,-23.7,-30.56,-26.46,[OH-],8.3,2.31,5.98,O[O-],-8.79,-15.06,-10.99,C[O-],9.9,3.59,7.86,CO[O-],7,0.03,4.51,C=CO[O-],2.31,-1.71,0.27,[SH-],20.41,16.63,18.44,[S-]S,9.3,5.7,7.42,C[S-],22.94,19.59,21.16,C[S-]S,19.8,16.12,17.78,C[S](=O)[O-]
95,PEO,Anthocyanidins,1,C1=C(C=C(C2=CC(=C(O[C]12)c1ccc(c(c1)OC)O)O)O)O,Phenylpropanoids and polyketides,Flavonoids,3-O-methylated flavonoids,O22,-30.74,-34.14,-32.29,[OH-],1.25,-1.27,0.14,O[O-],-15.84,-18.64,-16.82,C[O-],2.85,0.01,2.02,CO[O-],-0.04,-3.55,-1.32,C=CO[O-],-4.73,-5.29,-5.56,[SH-],13.36,13.05,12.6,[S-]S,2.25,2.12,1.59,C[S-],15.89,16.01,15.32,C[S-]S,12.76,12.54,11.95,C[S](=O)[O-]
96,PEO,Anthocyanidins,1,C1=C(C=C(C2=CC(=C(O[C]12)c1ccc(c(c1)OC)O)O)O)O,Phenylpropanoids and polyketides,Flavonoids,3-O-methylated flavonoids,O25,-23.74,-34.3,-27.57,[OH-],8.25,-1.43,4.87,O[O-],-8.84,-18.8,-12.1,C[O-],9.85,-0.15,6.75,CO[O-],6.96,-3.71,3.4,C=CO[O-],2.27,-5.45,-0.84,[SH-],20.36,12.89,17.33,[S-]S,9.25,1.96,6.31,C[S-],22.89,15.85,20.05,C[S-]S,19.76,12.38,16.67,C[S](=O)[O-]
97,PEO,Anthocyanidins,1,C1=C(C=C(C2=CC(=C(O[C]12)c1ccc(c(c1)OC)O)O)O)O,Phenylpropanoids and polyketides,Flavonoids,3-O-methylated flavonoids,C30,-18.54,-20.68,-18.24,[OH-],13.45,12.19,14.19,O[O-],-3.64,-5.18,-2.77,C[O-],15.05,13.47,16.07,CO[O-],12.15,9.91,12.73,C=CO[O-],7.47,8.17,8.49,[SH-],25.56,26.51,26.65,[S-]S,14.45,15.58,15.64,C[S-],28.09,29.47,29.37,C[S-]S,24.95,26,26,C[S](=O)[O-]
98,PET,Anthocyanidins,1,C1=C(C=C(C2=CC(=C(O[C]12)c1cc(c(c(c1)O)O)OC)O)O)O,Phenylpropanoids and polyketides,Flavonoids,3-O-methylated flavonoids,C1,1.38,-1.11,1.19,[OH-],33.37,31.76,33.63,O[O-],16.28,14.39,16.66,C[O-],34.97,33.04,35.51,CO[O-],32.08,29.48,32.16,C=CO[O-],27.39,27.74,27.92,[SH-],45.48,46.08,46.09,[S-]S,34.37,35.15,35.07,C[S-],48.01,49.04,48.81,C[S-]S,44.88,45.57,45.43,C[S](=O)[O-]
99,PET,Anthocyanidins,1,C1=C(C=C(C2=CC(=C(O[C]12)c1cc(c(c(c1)O)O)OC)O)O)O,Phenylpropanoids and polyketides,Flavonoids,3-O-methylated flavonoids,C3,-1.06,-3.35,-1.22,[OH-],30.93,29.52,31.21,O[O-],13.84,12.15,14.24,C[O-],32.53,30.8,33.09,CO[O-],29.64,27.25,29.74,C=CO[O-],24.95,25.5,25.51,[SH-],43.04,43.84,43.67,[S-]S,31.93,32.91,32.65,C[S-],45.57,46.8,46.39,C[S-]S,42.44,43.34,43.01,C[S](=O)[O-]
100,PET,Anthocyanidins,1,C1=C(C=C(C2=CC(=C(O[C]12)c1cc(c(c(c1)O)O)OC)O)O)O,Phenylpropanoids and polyketides,Flavonoids,3-O-methylated flavonoids,C10,-5.16,-5.16,-4.6,[OH-],26.83,27.71,27.84,O[O-],9.74,10.34,10.87,C[O-],28.43,28.99,29.71,CO[O-],25.53,25.43,26.37,C=CO[O-],20.85,23.69,22.13,[SH-],38.94,42.03,40.3,[S-]S,27.83,31.1,29.28,C[S-],41.47,44.99,43.01,C[S-]S,38.33,41.52,39.64,C[S](=O)[O-]
101,PET,Anthocyanidins,1,C1=C(C=C(C2=CC(=C(O[C]12)c1cc(c(c(c1)O)O)OC)O)O)O,Phenylpropanoids and polyketides,Flavonoids,3-O-methylated flavonoids,C12,-4.29,-7.46,-4.7,[OH-],27.7,25.41,27.74,O[O-],10.61,8.04,10.77,C[O-],29.3,26.69,29.61,CO[O-],26.41,23.14,26.27,C=CO[O-],21.72,21.39,22.03,[SH-],39.81,39.73,40.2,[S-]S,28.7,28.8,29.18,C[S-],42.34,42.69,42.91,C[S-]S,39.21,39.23,39.54,C[S](=O)[O-]
102,PET,Anthocyanidins,1,C1=C(C=C(C2=CC(=C(O[C]12)c1cc(c(c(c1)O)O)OC)O)O)O,Phenylpropanoids and polyketides,Flavonoids,3-O-methylated flavonoids,C16,-3.41,-5.25,-3.54,[OH-],28.58,27.62,28.9,O[O-],11.5,10.25,11.93,C[O-],30.18,28.9,30.77,CO[O-],27.29,25.34,27.43,C=CO[O-],22.6,23.6,23.19,[SH-],40.69,41.94,41.36,[S-]S,29.59,31.01,30.34,C[S-],43.22,44.9,44.07,C[S-]S,40.09,41.43,40.7,C[S](=O)[O-]
103,PET,Anthocyanidins,1,C1=C(C=C(C2=CC(=C(O[C]12)c1cc(c(c(c1)O)O)OC)O)O)O,Phenylpropanoids and polyketides,Flavonoids,3-O-methylated flavonoids,O18,-26.99,-30.3,-28.53,[OH-],5,2.57,3.91,O[O-],-12.09,-14.8,-13.06,C[O-],6.6,3.85,5.79,CO[O-],3.71,0.29,2.44,C=CO[O-],-0.98,-1.45,-1.8,[SH-],17.11,16.89,16.37,[S-]S,6,5.96,5.35,C[S-],19.64,19.85,19.09,C[S-]S,16.51,16.38,15.71,C[S](=O)[O-]
104,PET,Anthocyanidins,1,C1=C(C=C(C2=CC(=C(O[C]12)c1cc(c(c(c1)O)O)OC)O)O)O,Phenylpropanoids and polyketides,Flavonoids,3-O-methylated flavonoids,O20,-29.66,-31.66,-30.8,[OH-],2.33,1.21,1.63,O[O-],-14.76,-16.16,-15.34,C[O-],3.93,2.49,3.51,CO[O-],1.03,-1.07,0.16,C=CO[O-],-3.65,-2.81,-4.07,[SH-],14.44,15.53,14.09,[S-]S,3.33,4.6,3.07,C[S-],16.97,18.49,16.81,C[S-]S,13.83,15.02,13.43,C[S](=O)[O-]
105,PET,Anthocyanidins,1,C1=C(C=C(C2=CC(=C(O[C]12)c1cc(c(c(c1)O)O)OC)O)O)O,Phenylpropanoids and polyketides,Flavonoids,3-O-methylated flavonoids,O22,-31.5,-32.98,-32.28,[OH-],0.5,-0.11,0.16,O[O-],-16.59,-17.48,-16.81,C[O-],2.1,1.17,2.03,CO[O-],-0.8,-2.39,-1.31,C=CO[O-],-5.49,-4.13,-5.55,[SH-],12.61,14.21,12.62,[S-]S,1.5,3.28,1.6,C[S-],15.14,17.17,15.33,C[S-]S,12,13.7,11.96,C[S](=O)[O-]
106,PET,Anthocyanidins,1,C1=C(C=C(C2=CC(=C(O[C]12)c1cc(c(c(c1)O)O)OC)O)O)O,Phenylpropanoids and polyketides,Flavonoids,3-O-methylated flavonoids,O25,-29.31,-35.6,-31.36,[OH-],2.68,-2.73,1.08,O[O-],-14.41,-20.1,-15.89,C[O-],4.28,-1.45,2.96,CO[O-],1.39,-5.01,-0.39,C=CO[O-],-3.3,-6.75,-4.63,[SH-],14.79,11.59,13.54,[S-]S,3.68,0.66,2.52,C[S-],17.32,14.55,16.26,C[S-]S,14.19,11.08,12.88,C[S](=O)[O-]
107,PET,Anthocyanidins,1,C1=C(C=C(C2=CC(=C(O[C]12)c1cc(c(c(c1)O)O)OC)O)O)O,Phenylpropanoids and polyketides,Flavonoids,3-O-methylated flavonoids,O26,-28.61,-33.11,-30.7,[OH-],3.38,-0.24,1.74,O[O-],-13.71,-17.61,-15.23,C[O-],4.98,1.03,3.61,CO[O-],2.08,-2.52,0.27,C=CO[O-],-2.6,-4.26,-3.97,[SH-],15.49,14.08,14.2,[S-]S,4.38,3.15,3.18,C[S-],18.02,17.03,16.91,C[S-]S,14.88,13.57,13.54,C[S](=O)[O-]
108,PET,Anthocyanidins,1,C1=C(C=C(C2=CC(=C(O[C]12)c1cc(c(c(c1)O)O)OC)O)O)O,Phenylpropanoids and polyketides,Flavonoids,3-O-methylated flavonoids,C29,-18.65,-22.04,-18.81,[OH-],13.34,10.83,13.63,O[O-],-3.75,-6.54,-3.34,C[O-],14.94,12.11,15.51,CO[O-],12.05,8.55,12.16,C=CO[O-],7.36,6.81,7.92,[SH-],25.45,25.15,26.09,[S-]S,14.34,14.22,15.07,C[S-],27.98,28.11,28.81,C[S-]S,24.85,24.64,25.43,C[S](=O)[O-]
109,PUL,Anthocyanidins,1,C1=C(C=C(C2=CC(=C(O[C]12)c1cc(c(c(c1)O)O)O)O)OC)O,Phenylpropanoids and polyketides,Flavonoids,7-hydroxyflavonoids,C1,-0.55,-1.99,-0.52,[OH-],31.45,30.88,31.91,O[O-],14.36,13.51,14.95,C[O-],33.05,32.16,33.79,CO[O-],30.15,28.6,30.45,C=CO[O-],25.46,26.86,26.21,[SH-],43.56,45.2,44.37,[S-]S,32.45,34.27,33.36,C[S-],46.09,48.16,47.09,C[S-]S,42.95,44.69,43.72,C[S](=O)[O-]
110,PUL,Anthocyanidins,1,C1=C(C=C(C2=CC(=C(O[C]12)c1cc(c(c(c1)O)O)O)O)OC)O,Phenylpropanoids and polyketides,Flavonoids,7-hydroxyflavonoids,C3,-2.02,-4.93,-2.44,[OH-],29.97,27.94,30,O[O-],12.88,10.57,13.03,C[O-],31.57,29.22,31.88,CO[O-],28.68,25.66,28.53,C=CO[O-],23.99,23.92,24.29,[SH-],42.08,42.26,42.46,[S-]S,30.97,31.33,31.44,C[S-],44.61,45.22,45.18,C[S-]S,41.48,41.75,41.8,C[S](=O)[O-]
111,PUL,Anthocyanidins,1,C1=C(C=C(C2=CC(=C(O[C]12)c1cc(c(c(c1)O)O)O)O)OC)O,Phenylpropanoids and polyketides,Flavonoids,7-hydroxyflavonoids,C10,-3.51,-5.38,-3.63,[OH-],28.48,27.49,28.8,O[O-],11.4,10.12,11.84,C[O-],30.08,28.77,30.68,CO[O-],27.19,25.21,27.33,C=CO[O-],22.5,23.47,23.1,[SH-],40.59,41.81,41.26,[S-]S,29.49,30.88,30.25,C[S-],43.12,44.77,43.98,C[S-]S,39.99,41.3,40.6,C[S](=O)[O-]
112,PUL,Anthocyanidins,1,C1=C(C=C(C2=CC(=C(O[C]12)c1cc(c(c(c1)O)O)O)O)OC)O,Phenylpropanoids and polyketides,Flavonoids,7-hydroxyflavonoids,C12,-4.53,-7.79,-5.08,[OH-],27.46,25.07,27.36,O[O-],10.37,7.71,10.39,C[O-],29.06,26.36,29.24,CO[O-],26.17,22.8,25.89,C=CO[O-],21.48,21.06,21.65,[SH-],39.57,39.39,39.82,[S-]S,28.46,28.47,28.8,C[S-],42.1,42.36,42.54,C[S-]S,38.97,38.89,39.16,C[S](=O)[O-]
113,PUL,Anthocyanidins,1,C1=C(C=C(C2=CC(=C(O[C]12)c1cc(c(c(c1)O)O)O)O)OC)O,Phenylpropanoids and polyketides,Flavonoids,7-hydroxyflavonoids,C16,-4.31,-5.92,-4.36,[OH-],27.68,26.95,28.07,O[O-],10.59,9.58,11.11,C[O-],29.28,28.23,29.95,CO[O-],26.39,24.67,26.61,C=CO[O-],21.7,22.93,22.37,[SH-],39.79,41.27,40.53,[S-]S,28.68,30.34,29.52,C[S-],42.32,44.23,43.25,C[S-]S,39.19,40.76,39.88,C[S](=O)[O-]
114,PUL,Anthocyanidins,1,C1=C(C=C(C2=CC(=C(O[C]12)c1cc(c(c(c1)O)O)O)O)OC)O,Phenylpropanoids and polyketides,Flavonoids,7-hydroxyflavonoids,O18,-23.17,-30.01,-25.87,[OH-],8.82,2.85,6.57,O[O-],-8.26,-14.51,-10.4,C[O-],10.42,4.13,8.45,CO[O-],7.53,0.58,5.1,C=CO[O-],2.84,-1.16,0.86,[SH-],20.93,17.17,19.03,[S-]S,9.83,6.25,8.01,C[S-],23.46,20.13,21.75,C[S-]S,20.33,16.67,18.37,C[S](=O)[O-]
115,PUL,Anthocyanidins,1,C1=C(C=C(C2=CC(=C(O[C]12)c1cc(c(c(c1)O)O)O)O)OC)O,Phenylpropanoids and polyketides,Flavonoids,7-hydroxyflavonoids,O22,-30.21,-33.87,-31.67,[OH-],1.78,-1,0.77,O[O-],-15.3,-18.37,-16.2,C[O-],3.38,0.28,2.64,CO[O-],0.49,-3.28,-0.7,C=CO[O-],-4.2,-5.02,-4.94,[SH-],13.89,13.32,13.23,[S-]S,2.79,2.39,2.21,C[S-],16.42,16.28,15.94,C[S-]S,13.29,12.81,12.57,C[S](=O)[O-]
116,PUL,Anthocyanidins,1,C1=C(C=C(C2=CC(=C(O[C]12)c1cc(c(c(c1)O)O)O)O)OC)O,Phenylpropanoids and polyketides,Flavonoids,7-hydroxyflavonoids,O24,-21.81,-32.59,-25.74,[OH-],10.18,0.28,6.7,O[O-],-6.91,-17.09,-10.27,C[O-],11.78,1.56,8.57,CO[O-],8.89,-2,5.23,C=CO[O-],4.2,-3.74,0.99,[SH-],22.29,14.6,19.16,[S-]S,11.18,3.67,8.14,C[S-],24.82,17.56,21.87,C[S-]S,21.69,14.09,18.5,C[S](=O)[O-]
117,PUL,Anthocyanidins,1,C1=C(C=C(C2=CC(=C(O[C]12)c1cc(c(c(c1)O)O)O)O)OC)O,Phenylpropanoids and polyketides,Flavonoids,7-hydroxyflavonoids,O25,-30.73,-38.13,-33.63,[OH-],1.25,-5.26,-1.19,O[O-],-15.83,-22.63,-18.16,C[O-],2.85,-3.98,0.68,CO[O-],-0.04,-7.54,-2.66,C=CO[O-],-4.72,-9.28,-6.9,[SH-],13.36,9.06,11.27,[S-]S,2.26,-1.87,0.25,C[S-],15.89,12.02,13.98,C[S-]S,12.76,8.55,10.61,C[S](=O)[O-]
118,PUL,Anthocyanidins,1,C1=C(C=C(C2=CC(=C(O[C]12)c1cc(c(c(c1)O)O)O)O)OC)O,Phenylpropanoids and polyketides,Flavonoids,7-hydroxyflavonoids,O26,-29.1,-33.18,-31.15,[OH-],2.89,-0.31,1.29,O[O-],-14.19,-17.68,-15.68,C[O-],4.49,0.97,3.16,CO[O-],1.6,-2.58,-0.18,C=CO[O-],-3.09,-4.33,-4.42,[SH-],15,14.01,13.75,[S-]S,3.9,3.08,2.73,C[S-],17.53,16.97,16.46,C[S-]S,14.4,13.51,13.09,C[S](=O)[O-]
119,PUL,Anthocyanidins,1,C1=C(C=C(C2=CC(=C(O[C]12)c1cc(c(c(c1)O)O)O)O)OC)O,Phenylpropanoids and polyketides,Flavonoids,7-hydroxyflavonoids,C28,-17.66,-20.06,-17.48,[OH-],14.33,12.81,14.96,O[O-],-2.75,-4.56,-2.01,C[O-],15.93,14.09,16.84,CO[O-],13.04,10.53,13.49,C=CO[O-],8.35,8.79,9.25,[SH-],26.44,27.13,27.42,[S-]S,15.34,16.2,16.4,C[S-],28.97,30.09,30.14,C[S-]S,25.84,26.62,26.76,C[S](=O)[O-]
120,ROS,Anthocyanidins,1,C1=C(C=C(C2=CC(=C(O[C]12)c1ccc(c(c1)OC)O)O)O)OC,Phenylpropanoids and polyketides,Flavonoids,3-O-methylated flavonoids,C1,-2.35,-4.05,-2.32,[OH-],29.64,28.82,30.12,O[O-],12.56,11.45,13.15,C[O-],31.24,30.09,32,CO[O-],28.35,26.54,28.65,C=CO[O-],23.66,24.8,24.41,[SH-],41.75,43.14,42.58,[S-]S,30.65,32.21,31.56,C[S-],44.28,46.09,45.3,C[S-]S,41.15,42.63,41.92,C[S](=O)[O-]
121,ROS,Anthocyanidins,1,C1=C(C=C(C2=CC(=C(O[C]12)c1ccc(c(c1)OC)O)O)O)OC,Phenylpropanoids and polyketides,Flavonoids,3-O-methylated flavonoids,C3,-1.06,-3.6,-1.4,[OH-],30.93,29.27,31.04,O[O-],13.84,11.9,14.07,C[O-],32.53,30.55,32.91,CO[O-],29.64,26.99,29.57,C=CO[O-],24.95,25.25,25.33,[SH-],43.04,43.59,43.5,[S-]S,31.93,32.66,32.48,C[S-],45.57,46.55,46.21,C[S-]S,42.44,43.08,42.84,C[S](=O)[O-]
122,ROS,Anthocyanidins,1,C1=C(C=C(C2=CC(=C(O[C]12)c1ccc(c(c1)OC)O)O)O)OC,Phenylpropanoids and polyketides,Flavonoids,3-O-methylated flavonoids,C10,-3.61,-5.52,-3.78,[OH-],28.38,27.35,28.66,O[O-],11.29,9.98,11.69,C[O-],29.98,28.63,30.54,CO[O-],27.08,25.07,27.19,C=CO[O-],22.4,23.33,22.95,[SH-],40.49,41.67,41.12,[S-]S,29.38,30.74,30.1,C[S-],43.02,44.63,43.84,C[S-]S,39.88,41.16,40.46,C[S](=O)[O-]
123,ROS,Anthocyanidins,1,C1=C(C=C(C2=CC(=C(O[C]12)c1ccc(c(c1)OC)O)O)O)OC,Phenylpropanoids and polyketides,Flavonoids,3-O-methylated flavonoids,C12,-6.97,-9.79,-7.47,[OH-],25.02,23.07,24.96,O[O-],7.93,5.7,7.99,C[O-],26.62,24.35,26.84,CO[O-],23.73,20.8,23.49,C=CO[O-],19.04,19.06,19.26,[SH-],37.13,37.39,37.42,[S-]S,26.02,26.46,26.4,C[S-],39.66,40.35,40.14,C[S-]S,36.53,36.89,36.76,C[S](=O)[O-]
124,ROS,Anthocyanidins,1,C1=C(C=C(C2=CC(=C(O[C]12)c1ccc(c(c1)OC)O)O)O)OC,Phenylpropanoids and polyketides,Flavonoids,3-O-methylated flavonoids,C13,-2.35,-5.98,-3.09,[OH-],29.64,26.89,29.34,O[O-],12.55,9.52,12.37,C[O-],31.24,28.17,31.22,CO[O-],28.34,24.61,27.87,C=CO[O-],23.66,22.87,23.64,[SH-],41.75,41.21,41.8,[S-]S,30.64,30.28,30.78,C[S-],44.28,44.17,44.52,C[S-]S,41.14,40.7,41.14,C[S](=O)[O-]
125,ROS,Anthocyanidins,1,C1=C(C=C(C2=CC(=C(O[C]12)c1ccc(c(c1)OC)O)O)O)OC,Phenylpropanoids and polyketides,Flavonoids,3-O-methylated flavonoids,C16,-5.98,-7.99,-6.17,[OH-],26.01,24.88,26.27,O[O-],8.92,7.51,9.3,C[O-],27.61,26.16,28.14,CO[O-],24.72,22.6,24.8,C=CO[O-],20.03,20.86,20.56,[SH-],38.12,39.2,38.73,[S-]S,27.01,28.27,27.71,C[S-],40.65,42.16,41.44,C[S-]S,37.52,38.69,38.07,C[S](=O)[O-]
126,ROS,Anthocyanidins,1,C1=C(C=C(C2=CC(=C(O[C]12)c1ccc(c(c1)OC)O)O)O)OC,Phenylpropanoids and polyketides,Flavonoids,3-O-methylated flavonoids,O20,-23.7,-29.75,-26.28,[OH-],8.3,3.12,6.16,O[O-],-8.79,-14.25,-10.81,C[O-],9.9,4.4,8.03,CO[O-],7,0.84,4.69,C=CO[O-],2.31,-0.9,0.45,[SH-],20.41,17.44,18.62,[S-]S,9.3,6.51,7.6,C[S-],22.94,20.4,21.33,C[S-]S,19.8,16.93,17.96,C[S](=O)[O-]
127,ROS,Anthocyanidins,1,C1=C(C=C(C2=CC(=C(O[C]12)c1ccc(c(c1)OC)O)O)O)OC,Phenylpropanoids and polyketides,Flavonoids,3-O-methylated flavonoids,O22,-30.94,-33.84,-32.42,[OH-],1.05,-0.97,0.02,O[O-],-16.03,-18.34,-16.95,C[O-],2.65,0.31,1.9,CO[O-],-0.24,-3.25,-1.45,C=CO[O-],-4.93,-4.99,-5.69,[SH-],13.16,13.35,12.48,[S-]S,2.06,2.42,1.46,C[S-],15.69,16.31,15.2,C[S-]S,12.56,12.84,11.82,C[S](=O)[O-]
128,ROS,Anthocyanidins,1,C1=C(C=C(C2=CC(=C(O[C]12)c1ccc(c(c1)OC)O)O)O)OC,Phenylpropanoids and polyketides,Flavonoids,3-O-methylated flavonoids,O25,-24.16,-34.38,-27.83,[OH-],7.83,-1.51,4.61,O[O-],-9.26,-18.88,-12.36,C[O-],9.43,-0.23,6.48,CO[O-],6.53,-3.78,3.14,C=CO[O-],1.85,-5.53,-1.1,[SH-],19.94,12.81,17.07,[S-]S,8.83,1.88,6.05,C[S-],22.47,15.77,19.78,C[S-]S,19.33,12.31,16.41,C[S](=O)[O-]
129,ROS,Anthocyanidins,1,C1=C(C=C(C2=CC(=C(O[C]12)c1ccc(c(c1)OC)O)O)O)OC,Phenylpropanoids and polyketides,Flavonoids,3-O-methylated flavonoids,C31,-18.46,-20.17,-18.02,[OH-],13.53,12.7,14.41,O[O-],-3.56,-4.67,-2.55,C[O-],15.13,13.98,16.29,CO[O-],12.24,10.42,12.95,C=CO[O-],7.55,8.68,8.71,[SH-],25.64,27.02,26.87,[S-]S,14.53,16.09,15.86,C[S-],28.17,29.98,29.59,C[S-]S,25.04,26.51,26.22,C[S](=O)[O-]
130,ROS,Anthocyanidins,1,C1=C(C=C(C2=CC(=C(O[C]12)c1ccc(c(c1)OC)O)O)O)OC,Phenylpropanoids and polyketides,Flavonoids,3-O-methylated flavonoids,C30,-18.67,-20.61,-18.25,[OH-],13.32,12.26,14.19,O[O-],-3.77,-5.11,-2.78,C[O-],14.92,13.54,16.06,CO[O-],12.03,9.98,12.72,C=CO[O-],7.34,8.24,8.48,[SH-],25.43,26.58,26.65,[S-]S,14.32,15.65,15.63,C[S-],27.96,29.54,29.36,C[S-]S,24.83,26.07,25.99,C[S](=O)[O-]
131,P1,Phenols,0,Oc1ccccc1,Benzenoids,Phenols,1-hydroxy-4-unsubstituted benzenoids,O1,-29.04,-31.76,-30.25,[OH-],2.95,1.12,2.19,O[O-],-14.14,-16.26,-14.78,C[O-],4.55,2.39,4.06,CO[O-],1.66,-1.17,0.72,C=CO[O-],-3.03,-2.91,-3.52,[SH-],15.06,15.44,14.65,[S-]S,3.95,4.5,3.63,C[S-],17.59,18.39,17.36,C[S-]S,14.46,14.92,13.99,C[S](=O)[O-]
132,P2,Phenols,0,Oc1cccc2c1cccc2,Benzenoids,Naphthalenes,Naphthols and derivatives,O1,-35.68,-38.46,-36.83,[OH-],-3.68,-5.58,-4.39,O[O-],-20.78,-22.96,-21.37,C[O-],-2.09,-4.31,-2.52,CO[O-],-4.98,-7.87,-5.86,C=CO[O-],-9.67,-9.61,-10.1,[SH-],8.43,8.74,8.07,[S-]S,-2.69,-2.2,-2.96,C[S-],10.95,11.69,10.78,C[S-]S,7.82,8.22,7.41,C[S](=O)[O-]
133,P3,Phenols,0,Oc1ccc2c(c1)cccc2,Benzenoids,Naphthalenes,Naphthols and derivatives,O1,-32.11,-34.75,-33.32,[OH-],-0.11,-1.87,-0.88,O[O-],-17.2,-19.25,-17.86,C[O-],1.48,-0.6,0.99,CO[O-],-1.41,-4.16,-2.35,C=CO[O-],-6.1,-5.9,-6.59,[SH-],12,12.45,11.58,[S-]S,0.89,1.51,0.55,C[S-],14.52,15.4,14.29,C[S-]S,11.39,11.93,10.92,C[S](=O)[O-]
134,P4,Phenols,0,Oc1c2ccccc2cc2c1cccc2,Benzenoids,Anthracenes,Anthracenes,O1,-46.93,-49.1,-47.81,[OH-],-14.93,-16.22,-15.37,O[O-],-32.02,-33.59,-32.34,C[O-],-13.34,-14.95,-13.5,CO[O-],-16.23,-18.5,-16.84,C=CO[O-],-20.92,-20.25,-21.08,[SH-],-2.82,-1.9,-2.91,[S-]S,-13.93,-12.83,-13.93,C[S-],-0.3,1.05,-0.2,C[S-]S,-3.43,-2.41,-3.57,C[S](=O)[O-]
135,P5,Phenols,0,Oc1cccc2c1cc1c(c2)cccc1,Benzenoids,Anthracenes,Anthracenes,O1,-38.96,-41.93,-40.16,[OH-],-6.96,-9.05,-7.71,O[O-],-24.05,-26.43,-24.69,C[O-],-5.37,-7.78,-5.85,CO[O-],-8.26,-11.34,-9.18,C=CO[O-],-12.95,-13.08,-13.43,[SH-],5.15,5.27,4.75,[S-]S,-5.96,-5.67,-6.28,C[S-],7.67,8.22,7.45,C[S-]S,4.54,4.75,4.09,C[S](=O)[O-]
136,P6,Phenols,0,Oc1ccc2c(c1)cc1c(c2)cccc1,Benzenoids,Anthracenes,Anthracenes,O1,-35.66,-38.64,-36.95,[OH-],-3.66,-5.76,-4.51,O[O-],-20.75,-23.14,-21.49,C[O-],-2.07,-4.49,-2.64,CO[O-],-4.96,-8.05,-5.98,C=CO[O-],-9.65,-9.79,-10.22,[SH-],8.45,8.56,7.95,[S-]S,-2.66,-2.38,-3.08,C[S-],10.97,11.51,10.66,C[S-]S,7.84,8.04,7.29,C[S](=O)[O-]
137,P7,Phenols,0,Oc1c2c(cc3c(c2)cccc3)cc2ccccc12,Benzenoids,Naphthacenes,Naphthacenes,O1,-51.91,-53.75,-52.72,[OH-],-19.92,-20.87,-20.28,O[O-],-37.01,-38.25,-37.25,C[O-],-18.33,-19.61,-18.41,CO[O-],-21.22,-23.16,-21.75,C=CO[O-],-25.9,-24.9,-25.99,[SH-],-7.81,-6.55,-7.82,[S-]S,-18.92,-17.49,-18.84,C[S-],-5.29,-3.61,-5.11,C[S-]S,-8.42,-7.07,-8.48,C[S](=O)[O-]
138,P8,Phenols,0,Oc1cccc2cc3c(cc4c(c3)cccc4)cc12,Benzenoids,Naphthacenes,Naphthacenes,O1,-40.99,-44.12,-42.22,[OH-],-9,-11.24,-9.78,O[O-],-26.09,-28.62,-26.75,C[O-],-7.41,-9.97,-7.91,CO[O-],-10.29,-13.53,-11.25,C=CO[O-],-14.98,-15.27,-15.49,[SH-],3.11,3.08,2.68,[S-]S,-8,-7.86,-8.34,C[S-],5.63,6.03,5.39,C[S-]S,2.51,2.56,2.02,C[S](=O)[O-]
139,P9,Phenols,0,Oc1ccc2cc3c(cc4c(c3)cccc4)cc2c1,Benzenoids,Naphthacenes,Naphthacenes,O1,-38.48,-41.89,-39.84,[OH-],-6.48,-9.02,-7.4,O[O-],-23.57,-26.39,-24.37,C[O-],-4.89,-7.75,-5.53,CO[O-],-7.78,-11.3,-8.87,C=CO[O-],-12.47,-13.04,-13.11,[SH-],5.63,5.3,5.06,[S-]S,-5.48,-5.63,-5.96,C[S-],8.15,8.25,7.77,C[S-]S,5.02,4.79,4.4,C[S](=O)[O-]
140,P10,Phenols,0,Oc1ccccc1O,Benzenoids,Phenols,Catechols,O1,-37.09,-37.35,-37.59,[OH-],-5.1,-4.47,-5.15,O[O-],-22.19,-21.85,-22.12,C[O-],-3.5,-3.2,-3.28,CO[O-],-6.39,-6.76,-6.62,C=CO[O-],-11.08,-8.5,-10.86,[SH-],7.01,9.85,7.31,[S-]S,-4.1,-1.09,-3.71,C[S-],9.54,12.8,10.02,C[S-]S,6.41,9.33,6.65,C[S](=O)[O-]
141,P11,Phenols,0,Oc1cc(ccc1)O,Benzenoids,Phenols,Resorcinols,O1,-27.76,-31.56,-29.2,[OH-],4.23,1.31,3.24,O[O-],-12.86,-16.06,-13.73,C[O-],5.82,2.58,5.11,CO[O-],2.94,-0.97,1.77,C=CO[O-],-1.75,-2.71,-2.47,[SH-],16.34,15.63,15.7,[S-]S,5.23,4.7,4.68,C[S-],18.86,18.58,18.41,C[S-]S,15.74,15.12,15.04,C[S](=O)[O-]
142,P12,Phenols,0,Oc1ccc(cc1)O,Benzenoids,Phenols,Hydroquinones,O1,-34.13,-38.13,-35.69,[OH-],-2.14,-5.26,-3.25,O[O-],-19.23,-22.63,-20.22,C[O-],-0.55,-3.99,-1.38,CO[O-],-3.44,-7.54,-4.72,C=CO[O-],-8.12,-9.28,-8.96,[SH-],9.97,9.06,9.21,[S-]S,-1.14,-1.87,-1.81,C[S-],12.49,12.01,11.92,C[S-]S,9.36,8.55,8.55,C[S](=O)[O-]
143,P13,Phenols,0,Oc1ccc(O)cc1O,Benzenoids,Phenols,Hydroxyquinols and derivatives,O1,-41.25,-42.56,-42.07,[OH-],-9.26,-9.68,-9.62,O[O-],-26.35,-27.06,-26.6,C[O-],-7.66,-8.41,-7.76,CO[O-],-10.55,-11.97,-11.09,C=CO[O-],-15.24,-13.71,-15.34,[SH-],2.85,4.64,2.84,[S-]S,-8.26,-6.3,-8.19,C[S-],5.38,7.59,5.54,C[S-]S,2.25,4.12,2.18,C[S](=O)[O-]
144,P13,Phenols,0,Oc1ccc(O)cc1O,Benzenoids,Phenols,Hydroxyquinols and derivatives,O2,-37.8,-39.33,-38.65,[OH-],-5.8,-6.45,-6.21,O[O-],-22.89,-23.83,-23.18,C[O-],-4.21,-5.19,-4.34,CO[O-],-7.1,-8.74,-7.68,C=CO[O-],-11.79,-10.48,-11.92,[SH-],6.31,7.87,6.25,[S-]S,-4.8,-3.07,-4.77,C[S-],8.83,10.81,8.96,C[S-]S,5.7,7.35,5.59,C[S](=O)[O-]
145,P13,Phenols,0,Oc1ccc(O)cc1O,Benzenoids,Phenols,Hydroxyquinols and derivatives,O3,-35.32,-38.7,-36.63,[OH-],-3.33,-5.82,-4.19,O[O-],-20.42,-23.2,-21.16,C[O-],-1.74,-4.55,-2.32,CO[O-],-4.62,-8.11,-5.66,C=CO[O-],-9.31,-9.85,-9.9,[SH-],8.78,8.5,8.27,[S-]S,-2.33,-2.44,-2.75,C[S-],11.3,11.45,10.98,C[S-]S,8.18,7.98,7.61,C[S](=O)[O-]
146,P14,Phenols,0,Oc1cc(cc(c1)O)O,Benzenoids,Phenols,Phloroglucinols and derivatives,O1,-27.5,-30.93,-28.77,[OH-],4.49,1.95,3.67,O[O-],-12.6,-15.43,-13.3,C[O-],6.08,3.22,5.54,CO[O-],3.19,-0.33,2.2,C=CO[O-],-1.49,-2.08,-2.04,[SH-],16.6,16.27,16.13,[S-]S,5.49,5.33,5.11,C[S-],19.12,19.22,18.84,C[S-]S,15.99,15.76,15.47,C[S](=O)[O-]
147,P15,Phenols,0,Oc1cccc(c1O)O,Benzenoids,Phenols,Pyrogallols and derivatives,O1,-35.57,-36.12,-36.01,[OH-],-3.58,-3.24,-3.57,O[O-],-20.67,-20.62,-20.54,C[O-],-1.99,-1.97,-1.7,CO[O-],-4.87,-5.53,-5.04,C=CO[O-],-9.56,-7.27,-9.28,[SH-],8.53,11.08,8.89,[S-]S,-2.58,0.14,-2.13,C[S-],11.05,14.03,11.6,C[S-]S,7.93,10.56,8.23,C[S](=O)[O-]
148,P15,Phenols,0,Oc1cccc(c1O)O,Benzenoids,Phenols,Pyrogallols and derivatives,O2,-41.88,-40.81,-42.03,[OH-],-9.88,-7.94,-9.59,O[O-],-26.98,-25.31,-26.56,C[O-],-8.29,-6.67,-7.72,CO[O-],-11.18,-10.22,-11.06,C=CO[O-],-15.87,-11.96,-15.3,[SH-],2.23,6.38,2.87,[S-]S,-8.89,-4.55,-8.15,C[S-],4.75,9.33,5.58,C[S-]S,1.62,5.87,2.21,C[S](=O)[O-]
149,P16,Phenols,0,Oc1c(O)c(cc(O)c1)O,Benzenoids,Phenols,1-hydroxy-4-unsubstituted benzenoids,O1,-38.28,-38.31,-38.54,[OH-],-6.28,-5.44,-6.1,O[O-],-23.37,-22.81,-23.07,C[O-],-4.69,-4.17,-4.23,CO[O-],-7.58,-7.72,-7.57,C=CO[O-],-12.27,-9.46,-11.81,[SH-],5.83,8.88,6.36,[S-]S,-5.28,-2.05,-4.66,C[S-],8.35,11.83,9.07,C[S-]S,5.22,8.37,5.7,C[S](=O)[O-]
150,P16,Phenols,0,Oc1c(O)c(cc(O)c1)O,Benzenoids,Phenols,1-hydroxy-4-unsubstituted benzenoids,O2,-46.77,-45.5,-46.9,[OH-],-14.78,-12.62,-14.45,O[O-],-31.87,-30,-31.43,C[O-],-13.19,-11.36,-12.59,CO[O-],-16.08,-14.91,-15.92,C=CO[O-],-20.76,-16.65,-20.17,[SH-],-2.67,1.7,-1.99,[S-]S,-13.78,-9.24,-13.02,C[S-],-0.15,4.64,0.71,C[S-]S,-3.28,1.18,-2.65,C[S](=O)[O-]
151,P16,Phenols,0,Oc1c(O)c(cc(O)c1)O,Benzenoids,Phenols,1-hydroxy-4-unsubstituted benzenoids,O3,-34.41,-38.2,-35.75,[OH-],-2.41,-5.32,-3.31,O[O-],-19.5,-22.7,-20.28,C[O-],-0.82,-4.05,-1.44,CO[O-],-3.71,-7.6,-4.78,C=CO[O-],-8.4,-9.35,-9.02,[SH-],9.7,9,9.15,[S-]S,-1.41,-1.94,-1.87,C[S-],12.22,11.95,11.86,C[S-]S,9.09,8.49,8.49,C[S](=O)[O-]
152,P17,Phenols,0,Oc1ccc(c(c1O)O)O,Benzenoids,Phenols,Pyrogallols and derivatives,O1,-40.94,-41.81,-41.44,[OH-],-8.95,-8.93,-8.99,O[O-],-26.04,-26.31,-25.97,C[O-],-7.36,-7.66,-7.13,CO[O-],-10.24,-11.22,-10.47,C=CO[O-],-14.93,-12.96,-14.71,[SH-],3.16,5.39,3.47,[S-]S,-7.95,-5.55,-7.56,C[S-],5.68,8.34,6.17,C[S-]S,2.56,4.87,2.8,C[S](=O)[O-]
153,P17,Phenols,0,Oc1ccc(c(c1O)O)O,Benzenoids,Phenols,Pyrogallols and derivatives,O2,-41.46,-40.76,-41.6,[OH-],-9.46,-7.88,-9.16,O[O-],-26.56,-25.25,-26.13,C[O-],-7.87,-6.61,-7.29,CO[O-],-10.76,-10.16,-10.63,C=CO[O-],-15.45,-11.91,-14.87,[SH-],2.65,6.44,3.3,[S-]S,-8.47,-4.49,-7.72,C[S-],5.17,9.39,6.01,C[S-]S,2.04,5.93,2.64,C[S](=O)[O-]
154,P18,Phenols,0,Oc1c(cc(c(c1)O)O)O,Benzenoids,Phenols,1-hydroxy-2-unsubstituted benzenoids,O1,-41.58,-43.79,-42.66,[OH-],-9.58,-10.91,-10.22,O[O-],-26.67,-28.29,-27.19,C[O-],-7.99,-9.65,-8.35,CO[O-],-10.88,-13.2,-11.69,C=CO[O-],-15.57,-14.94,-15.93,[SH-],2.53,3.41,2.24,[S-]S,-8.58,-7.53,-8.78,C[S-],5.05,6.35,4.95,C[S-]S,1.92,2.89,1.58,C[S](=O)[O-]
155,P19,Phenols,0,Oc1c(c(c(c(c1O)O)O)O)O,Benzenoids,Phenols,Phenols,O1,-41.95,-45.42,-43.34,[OH-],-9.95,-12.55,-10.89,O[O-],-27.05,-29.92,-27.87,C[O-],-8.36,-11.28,-9.03,CO[O-],-11.25,-14.83,-12.37,C=CO[O-],-15.94,-16.57,-16.61,[SH-],2.16,1.77,1.57,[S-]S,-8.96,-9.16,-9.46,C[S-],4.68,4.72,4.27,C[S-]S,1.55,1.26,0.9,C[S](=O)[O-]
156,P20,Phenols,0,Oc1c(cccc1)C(=O)C,Organic oxygen compounds,Organooxygen compounds,Ketones,O1,-17.15,-26.98,-19.97,[OH-],14.85,5.9,12.47,O[O-],-2.24,-11.48,-4.5,C[O-],16.44,7.17,14.34,CO[O-],13.55,3.61,11,C=CO[O-],8.86,1.87,6.76,[SH-],26.96,20.22,24.93,[S-]S,15.85,9.28,13.91,C[S-],29.48,23.17,27.64,C[S-]S,26.35,19.7,24.27,C[S](=O)[O-]
157,P21,Phenols,0,Oc1cccc(c1)C(=O)C,Organic oxygen compounds,Organooxygen compounds,Ketones,O1,-26.65,-30.01,-28.14,[OH-],5.35,2.86,4.3,O[O-],-11.74,-14.51,-12.67,C[O-],6.94,4.13,6.17,CO[O-],4.05,0.58,2.83,C=CO[O-],-0.64,-1.16,-1.41,[SH-],17.46,17.18,16.76,[S-]S,6.35,6.25,5.74,C[S-],19.98,20.13,19.47,C[S-]S,16.85,16.67,16.1,C[S](=O)[O-]
158,P22,Phenols,0,Oc1ccc(cc1)C(=O)C,Organic oxygen compounds,Organooxygen compounds,Ketones,O1,-27.49,-28.77,-28.39,[OH-],4.5,4.11,4.05,O[O-],-12.59,-13.27,-12.92,C[O-],6.1,5.38,5.92,CO[O-],3.21,1.82,2.58,C=CO[O-],-1.48,0.08,-1.66,[SH-],16.61,18.43,16.51,[S-]S,5.5,7.49,5.49,C[S-],19.14,21.38,19.22,C[S-]S,16.01,17.91,15.85,C[S](=O)[O-]
159,P23,Phenols,0,Oc1ccccc1/C=C/C(=O)C,Phenylpropanoids and polyketides,Cinnamic acids and derivatives,Hydroxycinnamic acids and derivatives,O1,-30.48,-32.73,-31.55,[OH-],1.52,0.15,0.89,O[O-],-15.57,-17.23,-16.08,C[O-],3.11,1.42,2.76,CO[O-],0.22,-2.14,-0.58,C=CO[O-],-4.47,-3.88,-4.82,[SH-],13.63,14.47,13.35,[S-]S,2.52,3.53,2.33,C[S-],16.15,17.42,16.06,C[S-]S,13.02,13.95,12.69,C[S](=O)[O-]
160,P24,Phenols,0,Oc1cccc(c1)/C=C/C(=O)C,Phenylpropanoids and polyketides,Cinnamic acids and derivatives,Hydroxycinnamic acids and derivatives,O1,-28.11,-30.94,-29.39,[OH-],3.89,1.94,3.06,O[O-],-13.21,-15.43,-13.92,C[O-],5.48,3.21,4.92,CO[O-],2.59,-0.34,1.59,C=CO[O-],-2.1,-2.09,-2.66,[SH-],16,16.26,15.52,[S-]S,4.88,5.33,4.49,C[S-],18.52,19.21,18.22,C[S-]S,15.39,15.75,14.86,C[S](=O)[O-]
161,P25,Phenols,0,Oc1ccc(cc1)/C=C/C(=O)C,Phenylpropanoids and polyketides,Cinnamic acids and derivatives,Hydroxycinnamic acids and derivatives,O1,-31.29,-33.4,-32.36,[OH-],0.71,-0.52,0.08,O[O-],-16.38,-17.9,-16.89,C[O-],2.3,0.75,1.95,CO[O-],-0.59,-2.81,-1.39,C=CO[O-],-5.28,-4.55,-5.63,[SH-],12.82,13.8,12.54,[S-]S,1.71,2.86,1.52,C[S-],15.34,16.75,15.25,C[S-]S,12.21,13.28,11.88,C[S](=O)[O-]
162,P26,Phenols,0,Oc1c(cccc1)C(=O)O,Benzenoids,Benzene and substituted derivatives,Hydroxybenzoic acid derivatives,O1,-17.64,-27,-20.44,[OH-],14.36,5.88,12.01,O[O-],-2.74,-11.5,-4.97,C[O-],15.95,7.15,13.87,CO[O-],13.06,3.59,10.53,C=CO[O-],8.37,1.85,6.29,[SH-],26.47,20.2,24.47,[S-]S,15.35,9.26,13.44,C[S-],28.99,23.15,27.17,C[S-]S,25.86,19.68,23.8,C[S](=O)[O-]
163,P27,Phenols,0,Oc1cccc(c1)C(=O)O,Benzenoids,Benzene and substituted derivatives,Hydroxybenzoic acid derivatives,O1,-27.09,-29.67,-28.3,[OH-],4.91,3.21,4.14,O[O-],-12.19,-14.17,-12.83,C[O-],6.5,4.48,6.01,CO[O-],3.61,0.93,2.67,C=CO[O-],-1.08,-0.82,-1.57,[SH-],17.02,17.53,16.6,[S-]S,5.9,6.59,5.58,C[S-],19.54,20.48,19.31,C[S-]S,16.41,17.02,15.94,C[S](=O)[O-]
164,P28,Phenols,0,Oc1ccc(cc1)C(=O)O,Benzenoids,Benzene and substituted derivatives,Hydroxybenzoic acid derivatives,O1,-26.71,-27.77,-27.43,[OH-],5.28,5.1,5.01,O[O-],-11.81,-12.27,-11.96,C[O-],6.88,6.37,6.88,CO[O-],3.99,2.82,3.54,C=CO[O-],-0.7,1.08,-0.7,[SH-],17.39,19.42,17.47,[S-]S,6.28,8.49,6.45,C[S-],19.92,22.37,20.18,C[S-]S,16.79,18.91,16.81,C[S](=O)[O-]
165,P29,Phenols,0,Oc1ccccc1/C=C/C(=O)O,Phenylpropanoids and polyketides,Cinnamic acids and derivatives,Hydroxycinnamic acids,O1,-29.95,-32.09,-30.96,[OH-],2.04,0.79,1.48,O[O-],-15.05,-16.59,-15.49,C[O-],3.64,2.06,3.35,CO[O-],0.75,-1.5,0.01,C=CO[O-],-3.94,-3.24,-4.23,[SH-],14.15,15.11,13.94,[S-]S,3.04,4.17,2.92,C[S-],16.68,18.06,16.65,C[S-]S,13.55,14.59,13.28,C[S](=O)[O-]
166,P30,Phenols,0,Oc1cccc(c1)/C=C/C(=O)O,Phenylpropanoids and polyketides,Cinnamic acids and derivatives,Hydroxycinnamic acids,O1,-27.98,-30.72,-29.24,[OH-],4.02,2.16,3.2,O[O-],-13.08,-15.22,-13.77,C[O-],5.61,3.43,5.07,CO[O-],2.72,-0.13,1.73,C=CO[O-],-1.97,-1.87,-2.51,[SH-],16.13,16.48,15.66,[S-]S,5.01,5.54,4.64,C[S-],18.65,19.43,18.37,C[S-]S,15.52,15.96,15,C[S](=O)[O-]
167,P31,Phenols,0,Oc1ccc(cc1)/C=C/C(=O)O,Phenylpropanoids and polyketides,Cinnamic acids and derivatives,Hydroxycinnamic acids,O1,-30.49,-32.76,-31.51,[OH-],1.51,0.11,0.93,O[O-],-15.59,-17.26,-16.04,C[O-],3.1,1.38,2.8,CO[O-],0.21,-2.17,-0.54,C=CO[O-],-4.48,-3.91,-4.78,[SH-],13.62,14.43,13.39,[S-]S,2.5,3.5,2.37,C[S-],16.14,17.38,16.1,C[S-]S,13.01,13.92,12.73,C[S](=O)[O-]
168,P32,Phenols,0,Oc1ccccc1/C=C/C,Benzenoids,Benzene and substituted derivatives,Styrenes,O1,-33.14,-35.68,-34.21,[OH-],-1.14,-2.8,-1.77,O[O-],-18.23,-20.18,-18.74,C[O-],0.45,-1.54,0.1,CO[O-],-2.44,-5.09,-3.24,C=CO[O-],-7.13,-6.83,-7.48,[SH-],10.97,11.52,10.69,[S-]S,-0.14,0.58,-0.33,C[S-],13.49,14.46,13.4,C[S-]S,10.36,11,10.03,C[S](=O)[O-]
169,P33,Phenols,0,Oc1cccc(c1)/C=C/C,Benzenoids,Benzene and substituted derivatives,Styrenes,O1,-29.41,-32.24,-30.64,[OH-],2.59,0.64,1.8,O[O-],-14.5,-16.74,-15.17,C[O-],4.18,1.91,3.67,CO[O-],1.29,-1.64,0.33,C=CO[O-],-3.4,-3.39,-3.91,[SH-],14.7,14.96,14.26,[S-]S,3.59,4.02,3.24,C[S-],17.22,17.91,16.97,C[S-]S,14.09,14.45,13.6,C[S](=O)[O-]
170,P34,Phenols,0,Oc1ccc(cc1)/C=C/C,Benzenoids,Benzene and substituted derivatives,Styrenes,O1,-33.36,-37.34,-34.94,[OH-],-1.36,-4.46,-2.49,O[O-],-18.46,-21.84,-19.47,C[O-],0.23,-3.19,-0.63,CO[O-],-2.66,-6.75,-3.96,C=CO[O-],-7.35,-8.49,-8.21,[SH-],10.75,9.86,9.97,[S-]S,-0.37,-1.08,-1.06,C[S-],13.27,12.81,12.67,C[S-]S,10.14,9.34,9.31,C[S](=O)[O-]
171,P35,Phenols,0,Oc1ccccc1/C=C/c1ccccc1,Phenylpropanoids and polyketides,Stilbenes,Stilbenes,O1,-33.63,-35.96,-34.56,[OH-],-1.64,-3.08,-2.12,O[O-],-18.73,-20.45,-19.09,C[O-],-0.05,-1.81,-0.25,CO[O-],-2.93,-5.36,-3.59,C=CO[O-],-7.62,-7.11,-7.83,[SH-],10.47,11.24,10.34,[S-]S,-0.64,0.31,-0.68,C[S-],12.99,14.19,13.05,C[S-]S,9.87,10.73,9.68,C[S](=O)[O-]
172,P36,Phenols,0,Oc1cccc(c1)/C=C/c1ccccc1,Phenylpropanoids and polyketides,Stilbenes,Stilbenes,O1,-29.03,-31.8,-30.26,[OH-],2.97,1.08,2.18,O[O-],-14.13,-16.3,-14.79,C[O-],4.56,2.35,4.05,CO[O-],1.67,-1.21,0.71,C=CO[O-],-3.02,-2.95,-3.53,[SH-],15.08,15.4,14.64,[S-]S,3.96,4.46,3.62,C[S-],17.6,18.35,17.35,C[S-]S,14.47,14.88,13.98,C[S](=O)[O-]
173,P37,Phenols,0,Oc1ccc(cc1)/C=C/c1ccccc1,Phenylpropanoids and polyketides,Stilbenes,Stilbenes,O1,-34.21,-38.1,-35.69,[OH-],-2.21,-5.22,-3.24,O[O-],-19.31,-22.6,-20.22,C[O-],-0.62,-3.95,-1.38,CO[O-],-3.51,-7.51,-4.71,C=CO[O-],-8.2,-9.25,-8.96,[SH-],9.9,9.1,9.22,[S-]S,-1.22,-1.84,-1.81,C[S-],12.42,12.05,11.92,C[S-]S,9.29,8.58,8.56,C[S](=O)[O-]
174,P38,Phenols,0,Oc1ccc(cc1)/C=C/c1ccccc1O,Phenylpropanoids and polyketides,Stilbenes,Stilbenes,O1,-34.19,-37.75,-35.63,[OH-],-2.19,-4.88,-3.18,O[O-],-19.28,-22.25,-20.16,C[O-],-0.6,-3.61,-1.32,CO[O-],-3.49,-7.16,-4.66,C=CO[O-],-8.18,-8.9,-8.9,[SH-],9.92,9.44,9.28,[S-]S,-1.19,-1.49,-1.75,C[S-],12.44,12.39,11.98,C[S-]S,9.31,8.93,8.61,C[S](=O)[O-]
175,P39,Phenols,0,Oc1ccc(cc1)/C=C/c1cccc(c1)O,Phenylpropanoids and polyketides,Stilbenes,Stilbenes,O1,-34.09,-37.9,-35.55,[OH-],-2.1,-5.02,-3.11,O[O-],-19.19,-22.4,-20.08,C[O-],-0.51,-3.75,-1.24,CO[O-],-3.4,-7.3,-4.58,C=CO[O-],-8.08,-9.05,-8.82,[SH-],10.01,9.3,9.35,[S-]S,-1.1,-1.64,-1.67,C[S-],12.53,12.25,12.06,C[S-]S,9.4,8.79,8.69,C[S](=O)[O-]
176,P40,Phenols,0,Oc1ccc(cc1)/C=C/c1ccc(cc1)O,Phenylpropanoids and polyketides,Stilbenes,Stilbenes,O1,-34.61,-38.91,-36.22,[OH-],-2.61,-6.03,-3.77,O[O-],-19.7,-23.41,-20.75,C[O-],-1.02,-4.76,-1.91,CO[O-],-3.91,-8.32,-5.25,C=CO[O-],-8.6,-10.06,-9.49,[SH-],9.5,8.29,8.69,[S-]S,-1.61,-2.65,-2.34,C[S-],12.02,11.24,11.39,C[S-]S,8.89,7.77,8.02,C[S](=O)[O-]
177,P41,Phenols,0,Oc1c(cccc1)c1ccccc1,Benzenoids,Benzene and substituted derivatives,Biphenyls and derivatives,O1,-31.17,-33.22,-32.05,[OH-],0.82,-0.34,0.4,O[O-],-16.27,-17.72,-16.58,C[O-],2.41,0.93,2.26,CO[O-],-0.47,-2.63,-1.07,C=CO[O-],-5.16,-4.37,-5.32,[SH-],12.93,13.98,12.86,[S-]S,1.82,3.04,1.83,C[S-],15.45,16.93,15.56,C[S-]S,12.33,13.46,12.2,C[S](=O)[O-]
178,P42,Phenols,0,Oc1cc(ccc1)c1ccccc1,Benzenoids,Benzene and substituted derivatives,Biphenyls and derivatives,O1,-28.91,-31.55,-30.1,[OH-],3.08,1.32,2.34,O[O-],-14.01,-16.05,-14.63,C[O-],4.68,2.59,4.21,CO[O-],1.79,-0.96,0.87,C=CO[O-],-2.9,-2.7,-3.37,[SH-],15.19,15.64,14.8,[S-]S,4.08,4.71,3.78,C[S-],17.72,18.59,17.51,C[S-]S,14.59,15.13,14.14,C[S](=O)[O-]
179,P43,Phenols,0,Oc1ccc(cc1)c1ccccc1,Benzenoids,Benzene and substituted derivatives,Biphenyls and derivatives,O1,-31.08,-34.12,-32.39,[OH-],0.92,-1.24,0.05,O[O-],-16.17,-18.62,-16.92,C[O-],2.51,0.03,1.92,CO[O-],-0.38,-3.53,-1.42,C=CO[O-],-5.07,-5.27,-5.66,[SH-],13.03,13.08,12.51,[S-]S,1.92,2.14,1.49,C[S-],15.55,16.03,15.22,C[S-]S,12.42,12.56,11.85,C[S](=O)[O-]
180,P44,Phenols,0,Oc1ccc(cc1)c1c(cccc1)O,Benzenoids,Benzene and substituted derivatives,Biphenyls and derivatives,O1,-31.24,-34,-32.53,[OH-],0.76,-1.12,-0.09,O[O-],-16.33,-18.5,-17.06,C[O-],2.35,0.15,1.78,CO[O-],-0.54,-3.41,-1.56,C=CO[O-],-5.23,-5.15,-5.8,[SH-],12.87,13.2,12.37,[S-]S,1.76,2.26,1.35,C[S-],15.39,16.15,15.08,C[S-]S,12.26,12.68,11.71,C[S](=O)[O-]
181,P45,Phenols,0,Oc1ccc(cc1)c1cc(ccc1)O,Benzenoids,Benzene and substituted derivatives,Biphenyls and derivatives,O1,-30.95,-33.89,-32.23,[OH-],1.04,-1.02,0.21,O[O-],-16.05,-18.39,-16.76,C[O-],2.63,0.25,2.08,CO[O-],-0.25,-3.3,-1.26,C=CO[O-],-4.94,-5.04,-5.5,[SH-],13.15,13.3,12.67,[S-]S,2.04,2.37,1.65,C[S-],15.67,16.25,15.38,C[S-]S,12.55,12.79,12.01,C[S](=O)[O-]
182,P46,Phenols,0,Oc1ccc(cc1)c1ccc(cc1)O,Benzenoids,Benzene and substituted derivatives,Biphenols,O1,-31.79,-35.36,-33.26,[OH-],0.21,-2.49,-0.82,O[O-],-16.89,-19.86,-17.79,C[O-],1.8,-1.22,1.05,CO[O-],-1.09,-4.77,-2.29,C=CO[O-],-5.78,-6.51,-6.53,[SH-],12.32,11.83,11.64,[S-]S,1.2,0.9,0.62,C[S-],14.84,14.78,14.35,C[S-]S,11.71,11.32,10.98,C[S](=O)[O-]
183,P26an,Phenols,-1,Oc1c(cccc1)C(=O)[O],Benzenoids,Benzene and substituted derivatives,Hydroxybenzoic acid derivatives,O1,-10.27,-25.59,-14.17,[OH-],21.72,7.29,18.27,O[O-],4.63,-10.09,1.3,C[O-],23.31,8.56,20.14,CO[O-],20.43,5,16.8,C=CO[O-],15.74,3.26,12.56,[SH-],33.83,21.61,30.73,[S-]S,22.72,10.67,19.71,C[S-],36.35,24.56,33.44,C[S-]S,33.23,21.09,30.07,C[S](=O)[O-]
184,P27an,Phenols,-1,Oc1cccc(c1)C(=O)[O],Benzenoids,Benzene and substituted derivatives,Hydroxybenzoic acid derivatives,O1,-34.61,-31.93,-33.5,[OH-],-2.61,0.95,-1.06,O[O-],-19.71,-16.43,-18.03,C[O-],-1.02,2.21,0.81,CO[O-],-3.91,-1.34,-2.53,C=CO[O-],-8.6,-3.08,-6.77,[SH-],9.5,15.27,11.4,[S-]S,-1.62,4.33,0.38,C[S-],12.02,18.21,14.11,C[S-]S,8.89,14.75,10.74,C[S](=O)[O-]
185,P28an,Phenols,-1,Oc1ccc(cc1)C(=O)[O],Benzenoids,Benzene and substituted derivatives,Hydroxybenzoic acid derivatives,O1,-39.33,-31.62,-36.55,[OH-],-7.33,1.26,-4.1,O[O-],-24.42,-16.12,-21.08,C[O-],-5.74,2.53,-2.24,CO[O-],-8.63,-1.02,-5.57,C=CO[O-],-13.32,-2.77,-9.82,[SH-],4.78,15.58,8.36,[S-]S,-6.33,4.64,-2.67,C[S-],7.3,18.53,11.06,C[S-]S,4.17,15.07,7.7,C[S](=O)[O-]
186,P29an,Phenols,-1,Oc1ccccc1/C=C/C(=O)[O],Phenylpropanoids and polyketides,Cinnamic acids and derivatives,Hydroxycinnamic acids,O1,-38.84,-34.04,-36.66,[OH-],-6.84,-1.16,-4.21,O[O-],-23.93,-18.54,-21.19,C[O-],-5.25,0.11,-2.35,CO[O-],-8.14,-3.44,-5.69,C=CO[O-],-12.83,-5.19,-9.93,[SH-],5.27,13.16,8.25,[S-]S,-5.84,2.22,-2.78,C[S-],7.79,16.11,10.95,C[S-]S,4.66,12.65,7.58,C[S](=O)[O-]
187,P30an,Phenols,-1,Oc1cccc(c1)/C=C/C(=O)[O],Phenylpropanoids and polyketides,Cinnamic acids and derivatives,Hydroxycinnamic acids,O1,-32.99,-31.59,-32.21,[OH-],-0.99,1.29,0.24,O[O-],-18.08,-16.09,-16.74,C[O-],0.6,2.56,2.1,CO[O-],-2.29,-0.99,-1.24,C=CO[O-],-6.98,-2.74,-5.48,[SH-],11.12,15.61,12.7,[S-]S,0.01,4.67,1.67,C[S-],13.64,18.56,15.4,C[S-]S,10.51,15.1,12.03,C[S](=O)[O-]
188,P31an,Phenols,-1,Oc1ccc(cc1)/C=C/C(=O)[O],Phenylpropanoids and polyketides,Cinnamic acids and derivatives,Hydroxycinnamic acids,O1,-42.5,-34.78,-39.08,[OH-],-10.51,-1.9,-6.64,O[O-],-27.6,-19.28,-23.61,C[O-],-8.92,-0.64,-4.77,CO[O-],-11.8,-4.19,-8.11,C=CO[O-],-16.49,-5.93,-12.35,[SH-],1.6,12.42,5.82,[S-]S,-9.51,1.48,-5.2,C[S-],4.12,15.36,8.53,C[S-]S,1,11.9,5.16,C[S](=O)[O-]
189,P16anA,Phenols,-1,OC1=C(O)C=C(O)[CH]C1=O,Benzenoids,Phenols,1-hydroxy-4-unsubstituted benzenoids,O1,-48.35,-52.18,-49.48,[OH-],-16.35,-19.3,-17.03,O[O-],-33.44,-36.68,-34.01,C[O-],-14.76,-18.03,-15.17,CO[O-],-17.65,-21.59,-18.51,C=CO[O-],-22.34,-23.33,-22.75,[SH-],-4.24,-4.98,-4.57,[S-]S,-15.35,-15.92,-15.6,C[S-],-1.72,-2.03,-1.87,C[S-]S,-4.85,-5.5,-5.24,C[S](=O)[O-]
190,P16anA,Phenols,-1,OC1=C(O)C=C(O)[CH]C1=O,Benzenoids,Phenols,1-hydroxy-4-unsubstituted benzenoids,O2,-43.32,-44.1,-43.71,[OH-],-11.33,-11.22,-11.26,O[O-],-28.42,-28.6,-28.24,C[O-],-9.73,-9.95,-9.4,CO[O-],-12.62,-13.51,-12.74,C=CO[O-],-17.31,-15.25,-16.98,[SH-],0.78,3.1,1.2,[S-]S,-10.33,-7.84,-9.83,C[S-],3.31,6.05,3.9,C[S-]S,0.18,2.58,0.53,C[S](=O)[O-]
191,P16anA,Phenols,-1,OC1=C(O)C=C(O)[CH]C1=O,Benzenoids,Phenols,1-hydroxy-4-unsubstituted benzenoids,O3,-47.39,-44.55,-46.62,[OH-],-15.39,-11.67,-14.17,O[O-],-32.48,-29.05,-31.15,C[O-],-13.8,-10.4,-12.31,CO[O-],-16.69,-13.95,-15.64,C=CO[O-],-21.38,-15.7,-19.89,[SH-],-3.28,2.65,-1.71,[S-]S,-14.39,-8.29,-12.74,C[S-],-0.76,5.6,0.99,C[S-]S,-3.89,2.14,-2.37,C[S](=O)[O-]
192,P16anB,Phenols,-1,Oc1c(c(cc(O)c1)O)[O],Benzenoids,Phenols,1-hydroxy-4-unsubstituted benzenoids,O1,-47,-52.08,-48.59,[OH-],-15,-19.2,-16.15,O[O-],-32.1,-36.58,-33.12,C[O-],-13.41,-17.94,-14.28,CO[O-],-16.3,-21.49,-17.62,C=CO[O-],-20.99,-23.23,-21.86,[SH-],-2.89,-4.88,-3.69,[S-]S,-14.01,-15.82,-14.71,C[S-],-0.37,-1.94,-0.98,C[S-]S,-3.5,-5.4,-4.35,C[S](=O)[O-]
193,P16anB,Phenols,-1,Oc1c(c(cc(O)c1)O)[O],Benzenoids,Phenols,1-hydroxy-4-unsubstituted benzenoids,O2,-59.08,-54.57,-57.89,[OH-],-27.08,-21.69,-25.45,O[O-],-44.17,-39.07,-42.43,C[O-],-25.49,-20.42,-23.58,CO[O-],-28.38,-23.97,-26.92,C=CO[O-],-33.07,-25.72,-31.16,[SH-],-14.97,-7.37,-12.99,[S-]S,-26.08,-18.31,-24.02,C[S-],-12.45,-4.42,-10.28,C[S-]S,-15.58,-7.88,-13.65,C[S](=O)[O-]
194,P16anC,Phenols,-1,OC1=CC(=O)C=C([C]1O)O,Benzenoids,Phenols,1-hydroxy-4-unsubstituted benzenoids,O1,-57.28,-48.41,-54.78,[OH-],-25.28,-15.53,-22.34,O[O-],-42.37,-32.91,-39.31,C[O-],-23.69,-14.26,-20.47,CO[O-],-26.58,-17.82,-23.81,C=CO[O-],-31.27,-19.56,-28.05,[SH-],-13.17,-1.21,-9.88,[S-]S,-24.28,-12.15,-20.9,C[S-],-10.65,1.74,-7.17,C[S-]S,-13.78,-1.73,-10.54,C[S](=O)[O-]
195,P16anC,Phenols,-1,OC1=CC(=O)C=C([C]1O)O,Benzenoids,Phenols,1-hydroxy-4-unsubstituted benzenoids,O2,-70.25,-58.4,-66.87,[OH-],-38.25,-25.52,-34.43,O[O-],-55.35,-42.9,-51.41,C[O-],-36.66,-24.25,-32.56,CO[O-],-39.55,-27.81,-35.9,C=CO[O-],-44.24,-29.55,-40.14,[SH-],-26.14,-11.2,-21.97,[S-]S,-37.26,-22.14,-33,C[S-],-23.62,-8.25,-19.26,C[S-]S,-26.75,-11.72,-22.63,C[S](=O)[O-]
196,P17anA,Phenols,-1,OC1=CC(=O)C=C([C]1O)O,Benzenoids,Phenols,Pyrogallols and derivatives,O1,-51.04,-52.99,-51.56,[OH-],-19.04,-20.11,-19.12,O[O-],-36.13,-37.49,-36.09,C[O-],-17.45,-18.84,-17.25,CO[O-],-20.34,-22.4,-20.59,C=CO[O-],-25.03,-24.14,-24.83,[SH-],-6.93,-5.79,-6.66,[S-]S,-18.04,-16.73,-17.68,C[S-],-4.41,-2.84,-3.95,C[S-]S,-7.54,-6.31,-7.32,C[S](=O)[O-]
197,P17anA,Phenols,-1,OC1=CC(=O)C=C([C]1O)O,Benzenoids,Phenols,Pyrogallols and derivatives,O2,-49.64,-48.31,-49.55,[OH-],-17.64,-15.43,-17.11,O[O-],-34.74,-32.81,-34.08,C[O-],-16.05,-14.17,-15.24,CO[O-],-18.94,-17.72,-18.58,C=CO[O-],-23.63,-19.46,-22.82,[SH-],-5.53,-1.11,-4.65,[S-]S,-16.65,-12.05,-15.67,C[S-],-3.01,1.83,-1.94,C[S-]S,-6.14,-1.63,-5.31,C[S](=O)[O-]
198,P17anA,Phenols,-1,OC1=CC(=O)C=C([C]1O)O,Benzenoids,Phenols,Pyrogallols and derivatives,O3,-60.34,-56.43,-59.43,[OH-],-28.35,-23.55,-26.99,O[O-],-45.44,-40.93,-43.96,C[O-],-26.75,-22.28,-25.12,CO[O-],-29.64,-25.84,-28.46,C=CO[O-],-34.33,-27.58,-32.7,[SH-],-16.24,-9.23,-14.53,[S-]S,-27.35,-20.17,-25.55,C[S-],-13.71,-6.28,-11.82,C[S-]S,-16.84,-9.75,-15.19,C[S](=O)[O-]
199,P17anB,Phenols,-1,Oc1c(c(O)ccc1O)[O],Benzenoids,Phenols,Pyrogallols and derivatives,O1,-48.82,-49.77,-49.39,[OH-],-16.82,-16.89,-16.95,O[O-],-33.92,-34.27,-33.93,C[O-],-15.23,-15.62,-15.08,CO[O-],-18.12,-19.18,-18.42,C=CO[O-],-22.81,-20.92,-22.66,[SH-],-4.71,-2.57,-4.49,[S-]S,-15.83,-13.51,-15.52,C[S-],-2.19,0.38,-1.78,C[S-]S,-5.32,-3.09,-5.15,C[S](=O)[O-]
200,P17anB,Phenols,-1,Oc1c(c(O)ccc1O)[O],Benzenoids,Phenols,Pyrogallols and derivatives,O2,-42.32,-44.35,-43.16,[OH-],-10.32,-11.47,-10.71,O[O-],-27.41,-28.85,-27.69,C[O-],-8.73,-10.2,-8.85,CO[O-],-11.62,-13.76,-12.18,C=CO[O-],-16.31,-15.5,-16.43,[SH-],1.79,2.85,1.75,[S-]S,-9.32,-8.09,-9.28,C[S-],4.31,5.8,4.45,C[S-]S,1.18,2.33,1.09,C[S](=O)[O-]
201,P17anB,Phenols,-1,Oc1c(c(O)ccc1O)[O],Benzenoids,Phenols,Pyrogallols and derivatives,O3,-43.71,-49.01,-45.16,[OH-],-11.71,-16.14,-12.71,O[O-],-28.8,-33.51,-29.69,C[O-],-10.12,-14.87,-10.85,CO[O-],-13.01,-18.42,-14.19,C=CO[O-],-17.7,-20.16,-18.43,[SH-],0.4,-1.82,-0.25,[S-]S,-10.71,-12.75,-11.28,C[S-],2.92,1.13,2.45,C[S-]S,-0.21,-2.33,-0.92,C[S](=O)[O-]
202,P18an,Phenols,-1,Oc1cc(O)c(O)cc1[O],Benzenoids,Phenols,1-hydroxy-2-unsubstituted benzenoids,O1,-45.79,-54.26,-47.85,[OH-],-13.79,-21.38,-15.41,O[O-],-30.89,-38.75,-32.38,C[O-],-12.2,-20.11,-13.54,CO[O-],-15.09,-23.66,-16.88,C=CO[O-],-19.78,-25.41,-21.12,[SH-],-1.68,-7.06,-2.95,[S-]S,-12.8,-17.99,-13.97,C[S-],0.84,-4.11,-0.24,C[S-]S,-2.29,-7.57,-3.61,C[S](=O)[O-]
203,P18an,Phenols,-1,Oc1cc(O)c(O)cc1[O],Benzenoids,Phenols,1-hydroxy-2-unsubstituted benzenoids,O2,-66.64,-58.83,-64.56,[OH-],-34.64,-25.95,-32.11,O[O-],-51.74,-43.33,-49.09,C[O-],-33.05,-24.68,-30.25,CO[O-],-35.94,-28.23,-33.59,C=CO[O-],-40.63,-29.98,-37.83,[SH-],-22.53,-11.63,-19.65,[S-]S,-33.65,-22.57,-30.68,C[S-],-20.01,-8.68,-16.95,C[S-]S,-23.14,-12.14,-20.32,C[S](=O)[O-]
204,P18an,Phenols,-1,Oc1cc(O)c(O)cc1[O],Benzenoids,Phenols,1-hydroxy-2-unsubstituted benzenoids,O3,-61.68,-54.6,-59.96,[OH-],-29.68,-21.73,-27.52,O[O-],-46.77,-39.1,-44.49,C[O-],-28.09,-20.46,-25.65,CO[O-],-30.98,-24.01,-28.99,C=CO[O-],-35.67,-25.75,-33.23,[SH-],-17.57,-7.41,-15.06,[S-]S,-28.68,-18.34,-26.08,C[S-],-15.05,-4.46,-12.35,C[S-]S,-18.18,-7.92,-15.72,C[S](=O)[O-]
205,P19an,Phenols,-1,Oc1c(O)c(O)c(c(c1[O])O)O,Benzenoids,Phenols,Phenols,O1,-51.94,-52.79,-52.54,[OH-],-19.94,-19.91,-20.1,O[O-],-37.04,-37.29,-37.07,C[O-],-18.35,-18.64,-18.23,CO[O-],-21.24,-22.2,-21.57,C=CO[O-],-25.93,-23.94,-25.81,[SH-],-7.83,-5.59,-7.64,[S-]S,-18.95,-16.53,-18.66,C[S-],-5.31,-2.64,-4.93,C[S-]S,-8.44,-6.11,-8.3,C[S](=O)[O-]
206,P19an,Phenols,-1,Oc1c(O)c(O)c(c(c1[O])O)O,Benzenoids,Phenols,Phenols,O2,-53,-50.46,-52.7,[OH-],-21.01,-17.58,-20.25,O[O-],-38.1,-34.96,-37.23,C[O-],-19.42,-16.31,-18.39,CO[O-],-22.3,-19.86,-21.72,C=CO[O-],-26.99,-21.61,-25.97,[SH-],-8.9,-3.26,-7.79,[S-]S,-20.01,-14.2,-18.82,C[S-],-6.38,-0.31,-5.09,C[S-]S,-9.5,-3.77,-8.45,C[S](=O)[O-]
207,P19an,Phenols,-1,Oc1c(O)c(O)c(c(c1[O])O)O,Benzenoids,Phenols,Phenols,O3,-65.28,-58.91,-64.11,[OH-],-33.28,-26.04,-31.66,O[O-],-50.37,-43.41,-48.64,C[O-],-31.69,-24.77,-29.8,CO[O-],-34.58,-28.32,-33.14,C=CO[O-],-39.27,-30.06,-37.38,[SH-],-21.17,-11.72,-19.2,[S-]S,-32.28,-22.65,-30.23,C[S-],-18.65,-8.77,-16.5,C[S-]S,-21.78,-12.23,-19.87,C[S](=O)[O-]
