Model,Feature,Importance,Importance_std,Type,Source
GradientBoosting,SMILES_RADICAL_MaxAbsPartialCharge,0.1322763912387692,0.05797782806594296,Electronic,Radical
GradientBoosting,SMILES_RADICAL_HeavyAtomMolWt,0.05686314815259688,0.03384158344126099,Structural,Radical
GradientBoosting,GROUP_Phenols,0.051902560299407624,0.030424403021233084,Experimental,Molecule
GradientBoosting,SMILES_MinAbsEStateIndex,0.05126706845935176,0.004732111569422023,Electronic,Molecule
GradientBoosting,SMILES_RADICAL_MolWt,0.049673518697318966,0.03479016304255577,Structural,Radical
GradientBoosting,SMILES_RADICAL_MinPartialCharge,0.04836712411131283,0.03618248657778951,Electronic,Radical
GradientBoosting,SMILES_NumRotatableBonds,0.04332271046735328,0.0034234625927304463,Structural,Molecule
GradientBoosting,SMILES_RADICAL_MinAbsEStateIndex,0.041771062633812535,0.01579685773806905,Electronic,Radical
GradientBoosting,SMILES_HallKierAlpha,0.0407940492383414,0.03385040943569466,Electronic,Molecule
GradientBoosting,SMILES_BalabanJ,0.03778321308218142,0.025700460071317398,Structural,Molecule
GradientBoosting,SMILES_PEOE_VSA9,0.03719682218596589,0.013107567420246376,VSA,Molecule
GradientBoosting,SITE_O22,0.03672043200295965,0.001226274887024694,Experimental,Site
GradientBoosting,SMILES_RADICAL_Kappa3,0.027885195234196275,0.031048167593427833,Structural,Radical
GradientBoosting,SITE_O25,0.02780924550810433,0.001056882791744027,Experimental,Site
GradientBoosting,SITE_C3,0.022913833116407344,0.0009321869389428829,Experimental,Site
GradientBoosting,SMILES_RADICAL_Chi0v,0.02003194042108499,0.008485967015114209,Structural,Radical
GradientBoosting,SMILES_RADICAL_MolMR,0.019622228475839595,0.009862736468684711,Electronic,Radical
GradientBoosting,SMILES_RADICAL_Chi1v,0.01846546919898684,0.009194836551482923,Structural,Radical
GradientBoosting,SITE_C10,0.01833534845370141,0.0008028732874571484,Experimental,Site
GradientBoosting,SITE_O20,0.017798759663325846,0.0009683735034332712,Experimental,Site
GradientBoosting,SITE_O18,0.0159943781043345,0.0008572843462361946,Experimental,Site
GradientBoosting,SMILES_VSA_EState6,0.011822069168068277,0.002004883862627161,VSA,Molecule
GradientBoosting,SITE_C16,0.011690239920014077,0.000698652047552276,Experimental,Site
GradientBoosting,CHARGE,0.011383963286303712,0.01397759754886271,Electronic,Molecule
GradientBoosting,SITE_O26,0.010437725593808504,0.000556828245857078,Experimental,Site
GradientBoosting,SMILES_EState_VSA10,0.008710200470488707,0.014874349339297528,VSA,Molecule
GradientBoosting,SMILES_NumAliphaticRings,0.008427514312899329,0.015636020138197832,Structural,Molecule
GradientBoosting,SMILES_Chi1,0.0077778852954438525,0.013545333096178528,Structural,Molecule
GradientBoosting,SMILES_EState_VSA2,0.0075392774262054854,0.010416453325252008,VSA,Molecule
GradientBoosting,SITE_C12,0.007532369377768692,0.0005874159030983924,Experimental,Site
GradientBoosting,SMILES_Class_Flavonoids,0.0070727092822027125,0.013408103157173666,Structural,Molecule
GradientBoosting,SMILES_VSA_EState1,0.006025648958821267,0.009091134192026595,VSA,Molecule
GradientBoosting,SITE_C13,0.005761979196901693,0.00039277232712483585,Experimental,Site
GradientBoosting,SITE_O24,0.005109026952281755,0.00036629413592632925,Experimental,Site
GradientBoosting,SMILES_RADICAL_MinAbsPartialCharge,0.004701386823398328,0.0030662010273609782,Electronic,Radical
GradientBoosting,SMILES_MaxEStateIndex,0.003573745588398082,0.002030835275735073,Electronic,Molecule
GradientBoosting,SMILES_NumAliphaticHeterocycles,0.003524519983998104,0.007754150579507271,Structural,Molecule
GradientBoosting,SITE_O19,0.0035161428889865943,0.0001279140337544128,Experimental,Site
GradientBoosting,SMILES_MaxAbsEStateIndex,0.0034006347096976874,0.0017599675355907426,Electronic,Molecule
GradientBoosting,RADICAL_HO,0.0031272480570390462,0.002373018556970324,Structural,Radical
GradientBoosting,SMILES_RADICAL_MolLogP,0.003023316624971807,0.002617903832209994,Electronic,Radical
GradientBoosting,SMILES_HeavyAtomCount,0.0030229878416144404,0.00875430469874311,Structural,Molecule
GradientBoosting,SMILES_HeavyAtomMolWt,0.002506187423441883,0.00641295608196872,Structural,Molecule
GradientBoosting,SMILES_RADICAL_Kappa2,0.002202299666939895,0.001826602447047486,Structural,Radical
GradientBoosting,SMILES_VSA_EState4,0.0021286765548785332,0.00043041571845377615,VSA,Molecule
GradientBoosting,SMILES_RADICAL_NHOHCount,0.002126067211596544,0.0020050650668135767,Structural,Radical
GradientBoosting,SMILES_RADICAL_Kappa1,0.0020731277711689457,0.002000439598274337,Structural,Radical
GradientBoosting,SMILES_MaxPartialCharge,0.0019336232089629043,0.0009204493292038187,Electronic,Molecule
GradientBoosting,SITE_C30,0.0018970849601357284,0.000157345926053675,Experimental,Site
GradientBoosting,SMILES_MinAbsPartialCharge,0.0017239006916697453,0.0010028567110147303,Electronic,Molecule
GradientBoosting,SMILES_Chi0,0.0016564387979040478,0.004347460750106883,Structural,Molecule
GradientBoosting,SMILES_NumValenceElectrons,0.0015884263298321228,0.004186440726803926,Structural,Molecule
GradientBoosting,SMILES_Kappa1,0.0014770004258879133,0.0033241917404601353,Structural,Molecule
GradientBoosting,SMILES_RADICAL_MaxPartialCharge,0.0014523452806594422,0.0019905815297589302,Electronic,Radical
GradientBoosting,SMILES_PEOE_VSA8,0.00136014985985522,0.007374474204780072,VSA,Molecule
GradientBoosting,MEDIUM_WAT,0.0013421203237879605,0.00010238625988585455,Experimental,Site
GradientBoosting,SMILES_MolWt,0.001289417041699242,0.0029001134642558687,Structural,Molecule
GradientBoosting,SMILES_RADICAL_TPSA,0.0012332350487324173,0.0018798598519838598,VSA,Radical
GradientBoosting,SITE_C29,0.0011970286108075536,0.00012365519926920085,Experimental,Site
GradientBoosting,SMILES_RADICAL_SMR_VSA1,0.0008251694939751435,0.001664432321510368,VSA,Radical
GradientBoosting,SMILES_MolLogP,0.0008141453161442684,0.0012107466667627246,Electronic,Molecule
GradientBoosting,SMILES_SMR_VSA7,0.0007657674498700133,0.0005641305166035224,VSA,Molecule
GradientBoosting,SMILES_SMR_VSA10,0.0006973487813444662,0.00014859503555063013,VSA,Molecule
GradientBoosting,SMILES_SlogP_VSA6,0.0006204470399710019,0.0009800648693240892,VSA,Molecule
GradientBoosting,SMILES_BertzCT,0.000595109803705626,0.0003808970096114051,Structural,Molecule
GradientBoosting,SITE_C15,0.0005797337544527761,0.00012592373466496898,Experimental,Site
GradientBoosting,SMILES_RADICAL_PEOE_VSA1,0.0004865604832682529,0.0009000558672374304,VSA,Radical
GradientBoosting,SITE_O1,0.0004691680150714863,0.00030960454821656356,Experimental,Site
GradientBoosting,SMILES_RADICAL_Chi1,0.0004546303476479999,0.000882119365581097,Structural,Radical
GradientBoosting,SMILES_RADICAL_EState_VSA2,0.0004471636127060089,0.0008721639117518171,VSA,Radical
GradientBoosting,SMILES_RADICAL_VSA_EState3,0.00044439355764976915,0.0011038524890022963,VSA,Radical
GradientBoosting,SMILES_RADICAL_SlogP_VSA2,0.0004010177619052936,0.0008546552097235542,VSA,Radical
GradientBoosting,SMILES_RADICAL_Chi0,0.00038829282415773873,0.000984023049831814,Structural,Radical
GradientBoosting,RADICAL_CH3O,0.00037720166806173806,0.0008124810679971528,Structural,Radical
GradientBoosting,SITE_C28,0.00035241366446824224,8.943720481821902e-05,Experimental,Site
GradientBoosting,SMILES_RADICAL_PEOE_VSA4,0.0003359286133731786,0.0008001229711173678,VSA,Radical
GradientBoosting,SMILES_RADICAL_HeavyAtomCount,0.00033350872916587015,0.0008612965117997274,Structural,Radical
GradientBoosting,SITE_O2,0.0003325450640778229,0.00018329306788568208,Experimental,Site
GradientBoosting,MEDIUM_GAS,0.0003291047210827352,3.5784707009979785e-05,Experimental,Site
GradientBoosting,SMILES_RADICAL_MaxEStateIndex,0.0003009149926203274,0.00071235013990288,Electronic,Radical
GradientBoosting,SMILES_EState_VSA5,0.00030087081578646536,0.0006496016030763609,VSA,Molecule
GradientBoosting,SMILES_RADICAL_VSA_EState9,0.00029296366090053453,0.000717445437645821,VSA,Radical
GradientBoosting,SMILES_RADICAL_Chi0n,0.0002880837193363418,0.0008014591439011546,Structural,Radical
GradientBoosting,SMILES_RADICAL_Chi1n,0.00028204401727439926,0.000690686668763959,Structural,Radical
GradientBoosting,SMILES_RADICAL_SMR_VSA6,0.00027479303310627793,0.0007071623412925512,VSA,Radical
GradientBoosting,SMILES_RADICAL_MaxAbsEStateIndex,0.00025837122452019456,0.0007473864585385594,Electronic,Radical
GradientBoosting,SMILES_SlogP_VSA2,0.0002396616979203027,0.00014019306669465828,VSA,Molecule
GradientBoosting,SMILES_RADICAL_MinEStateIndex,0.0002370678497525274,0.0007037653791613975,Electronic,Radical
GradientBoosting,SMILES_RADICAL_NumValenceElectrons,0.0002327871961951223,0.0007078646506475891,Structural,Radical
GradientBoosting,SMILES_RADICAL_EState_VSA4,0.00022751713123998944,0.0006611562576279225,VSA,Radical
GradientBoosting,SMILES_MinEStateIndex,0.0002120484618530623,0.00023255558934490443,Electronic,Molecule
GradientBoosting,SMILES_RADICAL_BertzCT,0.00019881369906391507,0.0005847324319813821,Structural,Radical
GradientBoosting,SMILES_RADICAL_EState_VSA9,0.00019523076716824827,0.0006156942289529717,VSA,Radical
GradientBoosting,SMILES_VSA_EState7,0.00018841109389014786,2.872210872797519e-05,VSA,Molecule
GradientBoosting,SMILES_Parent_Level_Pyrogallols and derivatives,0.00018741589584860563,0.0001491643601394765,Structural,Molecule
GradientBoosting,SMILES_RADICAL_SlogP_VSA12,0.00018441423642049176,0.0002742370400522862,VSA,Radical
GradientBoosting,SITE_C31,0.00018302402901192676,7.170585442795596e-05,Experimental,Site
GradientBoosting,SMILES_RADICAL_BalabanJ,0.00017349151406955077,0.0005861752528695808,Structural,Radical
GradientBoosting,SMILES_VSA_EState3,0.0001473698572372285,0.000350699514401172,VSA,Molecule
GradientBoosting,SMILES_VSA_EState5,0.000133190383219353,0.00015332159296955257,VSA,Molecule
GradientBoosting,SMILES_RADICAL_HallKierAlpha,0.00012441902355105064,0.00023405819103165655,Electronic,Radical
GradientBoosting,SMILES_RADICAL_SlogP_VSA1,0.00012365616220806605,0.0005076079284468597,VSA,Radical
GradientBoosting,SMILES_RADICAL_SMR_VSA10,0.0001226524882996228,0.00024285142977865264,VSA,Radical
GradientBoosting,SMILES_Chi2n,0.00012177501632192041,0.00017287871765219462,Structural,Molecule
GradientBoosting,SMILES_PEOE_VSA1,0.00012027403974860376,0.00015908463032641247,VSA,Molecule
GradientBoosting,SMILES_RADICAL_VSA_EState7,0.00010844604494357992,0.00019659359229723343,VSA,Radical
GradientBoosting,SMILES_SMR_VSA1,0.00010750824833533883,5.3749293357583115e-05,VSA,Molecule
GradientBoosting,SMILES_Chi2v,9.69700181070204e-05,0.00014634259280389353,Structural,Molecule
GradientBoosting,SMILES_EState_VSA6,8.372792145038193e-05,0.0005873852228184486,VSA,Molecule
GradientBoosting,SMILES_RADICAL_Chi2v,8.160879649287453e-05,0.00017729382095074635,Structural,Radical
GradientBoosting,SMILES_RADICAL_EState_VSA7,7.854362243296472e-05,0.00017639427191845321,VSA,Radical
GradientBoosting,SMILES_Kappa3,7.413040513748629e-05,9.756538781472476e-05,Structural,Molecule
GradientBoosting,SMILES_RADICAL_NumRadicalElectrons,6.703356324396805e-05,0.00016366694687079713,Structural,Radical
GradientBoosting,SMILES_RADICAL_EState_VSA5,6.056885621032024e-05,0.00015692613673782242,VSA,Radical
GradientBoosting,SITE_O3,5.755049166858629e-05,6.540126827755824e-05,Experimental,Site
GradientBoosting,SMILES_PEOE_VSA11,5.1108219602565786e-05,0.000430017525060441,VSA,Molecule
GradientBoosting,SMILES_Chi3v,4.546846295789496e-05,7.151650267237182e-05,Structural,Molecule
GradientBoosting,SMILES_PEOE_VSA10,4.435407298621728e-05,8.053380036455951e-05,VSA,Molecule
GradientBoosting,SMILES_Chi4v,4.283160609992573e-05,7.215631195868998e-05,Structural,Molecule
GradientBoosting,SMILES_RADICAL_SlogP_VSA3,4.0914802371604415e-05,7.079238213004284e-05,VSA,Radical
GradientBoosting,SMILES_Chi4n,3.9409337173707996e-05,8.326139858548547e-05,Structural,Molecule
GradientBoosting,SMILES_Chi3n,3.8179995216285984e-05,6.367929150705508e-05,Structural,Molecule
GradientBoosting,RADICAL_CH3SS,3.7514895071169065e-05,0.00010170929445023137,Structural,Radical
GradientBoosting,SMILES_EState_VSA4,3.5195095907910754e-05,5.026045110913471e-05,VSA,Molecule
GradientBoosting,SMILES_EState_VSA9,3.442007496628923e-05,0.00010602713307038027,VSA,Molecule
GradientBoosting,SMILES_PEOE_VSA7,3.220494610703906e-05,0.00017534382600578802,VSA,Molecule
GradientBoosting,SMILES_Chi1v,2.7785662959852962e-05,4.111521878875865e-05,Structural,Molecule
GradientBoosting,SMILES_Chi1n,2.3298738818355358e-05,4.081518904709551e-05,Structural,Molecule
GradientBoosting,SMILES_Parent_Level_7-hydroxyflavonoids,2.0805784294771494e-05,8.033513596804793e-05,Structural,Molecule
GradientBoosting,SMILES_EState_VSA1,1.9890770688493327e-05,0.00014739708421381118,VSA,Molecule
GradientBoosting,SMILES_MaxAbsPartialCharge,1.6584128245201536e-05,3.600104853987139e-05,Electronic,Molecule
GradientBoosting,SMILES_NumRadicalElectrons,1.3516673500944135e-05,9.938504489949883e-05,Structural,Molecule
GradientBoosting,SMILES_Parent_Level_Hydroxyquinols and derivatives,1.2711464589470887e-05,3.89471057643168e-05,Structural,Molecule
GradientBoosting,SMILES_MinPartialCharge,1.2024594685052093e-05,2.3665190790343557e-05,Electronic,Molecule
GradientBoosting,SMILES_NumHAcceptors,1.0196752193203508e-05,7.398548150562631e-05,Structural,Molecule
GradientBoosting,SMILES_MolMR,9.367894708562575e-06,2.546771237630668e-05,Electronic,Molecule
GradientBoosting,SMILES_Parent_Level_Hydroxybenzoic acid derivatives,6.5410122048860044e-06,5.2375660764022476e-05,Structural,Molecule
GradientBoosting,SMILES_EState_VSA3,5.494766375783037e-06,8.829118702560683e-06,VSA,Molecule
GradientBoosting,SMILES_TPSA,5.451593731596599e-06,9.983190490644601e-06,VSA,Molecule
GradientBoosting,SMILES_Chi0v,5.443656476626377e-06,1.908939194280504e-05,Structural,Molecule
GradientBoosting,SMILES_SlogP_VSA3,5.136557378321065e-06,1.2178979105521302e-05,VSA,Molecule
GradientBoosting,SMILES_NumHDonors,4.616317517788104e-06,9.47303772232071e-06,Structural,Molecule
GradientBoosting,SMILES_NHOHCount,4.261021620738156e-06,8.169145125295193e-06,Structural,Molecule
GradientBoosting,SMILES_SMR_VSA9,3.1358067586538835e-06,1.0066270979877644e-05,VSA,Molecule
GradientBoosting,SMILES_VSA_EState2,2.717065138187922e-06,9.010480716782861e-06,VSA,Molecule
GradientBoosting,SMILES_SlogP_VSA8,2.5320062747656337e-06,2.0434443689503437e-05,VSA,Molecule
GradientBoosting,SMILES_Chi0n,2.4565552258564642e-06,8.90727596871959e-06,Structural,Molecule
GradientBoosting,SMILES_Kappa2,2.4538197639941045e-06,1.0694641590716262e-05,Structural,Molecule
GradientBoosting,SMILES_PEOE_VSA3,2.200622723950152e-06,6.804613761963592e-06,VSA,Molecule
GradientBoosting,SMILES_VSA_EState9,2.088187045256877e-06,5.645152507595498e-06,VSA,Molecule
GradientBoosting,SMILES_SlogP_VSA11,1.7260436769872418e-06,6.971450748406603e-06,VSA,Molecule
GradientBoosting,SMILES_RADICAL_VSA_EState10,1.007011360728539e-06,3.1288227573702685e-06,VSA,Radical
GradientBoosting,SMILES_PEOE_VSA12,9.942255069049884e-07,3.3294063252562853e-06,VSA,Molecule
GradientBoosting,SMILES_NumHeteroatoms,8.944608115177245e-07,6.998843332191322e-06,Structural,Molecule
GradientBoosting,SMILES_RADICAL_EState_VSA8,5.228962550002401e-07,1.985329037748521e-06,VSA,Radical
GradientBoosting,SMILES_RADICAL_VSA_EState8,3.652157385723835e-07,3.077362512732126e-06,VSA,Radical
GradientBoosting,SMILES_RADICAL_NumHAcceptors,3.5099622309451566e-07,2.8337403004776768e-06,Structural,Radical
GradientBoosting,SMILES_NOCount,3.424262479512407e-07,2.4269122463434763e-06,Structural,Molecule
GradientBoosting,SMILES_RADICAL_EState_VSA6,3.362514475495462e-07,2.833305058499831e-06,VSA,Radical
GradientBoosting,RADICAL_CH3S,3.3605453007055696e-07,2.831645802328911e-06,Structural,Radical
GradientBoosting,SMILES_Parent_Level_Anthracenes,2.778392945915276e-07,2.3411155091018804e-06,Structural,Molecule
GradientBoosting,SMILES_EState_VSA7,2.759667625247396e-07,2.0791332151897528e-06,VSA,Molecule
GradientBoosting,SMILES_SMR_VSA6,2.689155890883354e-07,1.451492115415642e-06,VSA,Molecule
GradientBoosting,SMILES_RADICAL_PEOE_VSA9,2.629104124619594e-07,2.1347758046612716e-06,VSA,Radical
GradientBoosting,SMILES_RADICAL_NumHDonors,8.647458770692729e-08,3.573765798699417e-07,Structural,Radical
GradientBoosting,RADICAL_HSS,5.030972857859037e-08,2.625969381812599e-07,Structural,Radical
GradientBoosting,SMILES_RADICAL_NumHeteroatoms,3.726184040959571e-08,2.2092468895659675e-07,Structural,Radical
GradientBoosting,SMILES_RADICAL_Chi2n,2.421815408966553e-08,1.6720408985210032e-07,Structural,Radical
GradientBoosting,SMILES_RADICAL_NOCount,9.34513053558435e-09,7.874346954271753e-08,Structural,Radical
GradientBoosting,RADICAL_CH3OO,0.0,0.0,Structural,Radical
GradientBoosting,RADICAL_CH3SO,0.0,0.0,Structural,Radical
GradientBoosting,RADICAL_HOO,0.0,0.0,Structural,Radical
GradientBoosting,RADICAL_HS,0.0,0.0,Structural,Radical
GradientBoosting,SMILES_Class_Benzene and substituted derivatives,0.0,0.0,Structural,Molecule
GradientBoosting,SMILES_Class_Cinnamic acids and derivatives,0.0,0.0,Structural,Molecule
GradientBoosting,SMILES_Class_Naphthacenes,0.0,0.0,Structural,Molecule
GradientBoosting,SMILES_Class_Naphthalenes,0.0,0.0,Structural,Molecule
GradientBoosting,SMILES_Class_Organooxygen compounds,0.0,0.0,Structural,Molecule
GradientBoosting,SMILES_Class_Phenols,0.0,0.0,Structural,Molecule
GradientBoosting,SMILES_Class_Stilbenes,0.0,0.0,Structural,Molecule
GradientBoosting,SMILES_EState_VSA11,0.0,0.0,VSA,Molecule
GradientBoosting,SMILES_EState_VSA8,0.0,0.0,VSA,Molecule
GradientBoosting,SMILES_NumAliphaticCarbocycles,0.0,0.0,Structural,Molecule
GradientBoosting,SMILES_NumAromaticCarbocycles,0.0,0.0,Structural,Molecule
GradientBoosting,SMILES_NumAromaticHeterocycles,0.0,0.0,Structural,Molecule
GradientBoosting,SMILES_NumAromaticRings,0.0,0.0,Structural,Molecule
GradientBoosting,SMILES_NumSaturatedCarbocycles,0.0,0.0,Structural,Molecule
GradientBoosting,SMILES_NumSaturatedHeterocycles,0.0,0.0,Structural,Molecule
GradientBoosting,SMILES_NumSaturatedRings,0.0,0.0,Structural,Molecule
GradientBoosting,SMILES_PEOE_VSA13,0.0,0.0,VSA,Molecule
GradientBoosting,SMILES_PEOE_VSA14,0.0,0.0,VSA,Molecule
GradientBoosting,SMILES_PEOE_VSA2,0.0,0.0,VSA,Molecule
GradientBoosting,SMILES_PEOE_VSA4,0.0,0.0,VSA,Molecule
GradientBoosting,SMILES_PEOE_VSA5,0.0,0.0,VSA,Molecule
GradientBoosting,SMILES_PEOE_VSA6,0.0,0.0,VSA,Molecule
GradientBoosting,SMILES_Parent_Level_1-hydroxy-4-unsubstituted benzenoids,0.0,0.0,Structural,Molecule
GradientBoosting,SMILES_Parent_Level_3-O-methylated flavonoids,0.0,0.0,Structural,Molecule
GradientBoosting,SMILES_Parent_Level_Biphenols,0.0,0.0,Structural,Molecule
GradientBoosting,SMILES_Parent_Level_Biphenyls and derivatives,0.0,0.0,Structural,Molecule
GradientBoosting,SMILES_Parent_Level_Catechols,0.0,0.0,Structural,Molecule
GradientBoosting,SMILES_Parent_Level_Hydroquinones,0.0,0.0,Structural,Molecule
GradientBoosting,SMILES_Parent_Level_Hydroxycinnamic acids,0.0,0.0,Structural,Molecule
GradientBoosting,SMILES_Parent_Level_Hydroxycinnamic acids and derivatives,0.0,0.0,Structural,Molecule
GradientBoosting,SMILES_Parent_Level_Ketones,0.0,0.0,Structural,Molecule
GradientBoosting,SMILES_Parent_Level_Naphthacenes,0.0,0.0,Structural,Molecule
GradientBoosting,SMILES_Parent_Level_Naphthols and derivatives,0.0,0.0,Structural,Molecule
GradientBoosting,SMILES_Parent_Level_Phenols,0.0,0.0,Structural,Molecule
GradientBoosting,SMILES_Parent_Level_Phloroglucinols and derivatives,0.0,0.0,Structural,Molecule
GradientBoosting,SMILES_Parent_Level_Resorcinols,0.0,0.0,Structural,Molecule
GradientBoosting,SMILES_Parent_Level_Stilbenes,0.0,0.0,Structural,Molecule
GradientBoosting,SMILES_Parent_Level_Styrenes,0.0,0.0,Structural,Molecule
GradientBoosting,SMILES_RADICAL_Chi3n,0.0,0.0,Structural,Radical
GradientBoosting,SMILES_RADICAL_Chi3v,0.0,0.0,Structural,Radical
GradientBoosting,SMILES_RADICAL_Chi4n,0.0,0.0,Structural,Radical
GradientBoosting,SMILES_RADICAL_Chi4v,0.0,0.0,Structural,Radical
GradientBoosting,SMILES_RADICAL_EState_VSA1,0.0,0.0,VSA,Radical
GradientBoosting,SMILES_RADICAL_EState_VSA10,0.0,0.0,VSA,Radical
GradientBoosting,SMILES_RADICAL_EState_VSA11,0.0,0.0,VSA,Radical
GradientBoosting,SMILES_RADICAL_EState_VSA3,0.0,0.0,VSA,Radical
GradientBoosting,SMILES_RADICAL_NumAliphaticCarbocycles,0.0,0.0,Structural,Radical
GradientBoosting,SMILES_RADICAL_NumAliphaticHeterocycles,0.0,0.0,Structural,Radical
GradientBoosting,SMILES_RADICAL_NumAliphaticRings,0.0,0.0,Structural,Radical
GradientBoosting,SMILES_RADICAL_NumAromaticCarbocycles,0.0,0.0,Structural,Radical
GradientBoosting,SMILES_RADICAL_NumAromaticHeterocycles,0.0,0.0,Structural,Radical
GradientBoosting,SMILES_RADICAL_NumAromaticRings,0.0,0.0,Structural,Radical
GradientBoosting,SMILES_RADICAL_NumRotatableBonds,0.0,0.0,Structural,Radical
GradientBoosting,SMILES_RADICAL_NumSaturatedCarbocycles,0.0,0.0,Structural,Radical
GradientBoosting,SMILES_RADICAL_NumSaturatedHeterocycles,0.0,0.0,Structural,Radical
GradientBoosting,SMILES_RADICAL_NumSaturatedRings,0.0,0.0,Structural,Radical
GradientBoosting,SMILES_RADICAL_PEOE_VSA10,0.0,0.0,VSA,Radical
GradientBoosting,SMILES_RADICAL_PEOE_VSA11,0.0,0.0,VSA,Radical
GradientBoosting,SMILES_RADICAL_PEOE_VSA12,0.0,0.0,VSA,Radical
GradientBoosting,SMILES_RADICAL_PEOE_VSA13,0.0,0.0,VSA,Radical
GradientBoosting,SMILES_RADICAL_PEOE_VSA14,0.0,0.0,VSA,Radical
GradientBoosting,SMILES_RADICAL_PEOE_VSA2,0.0,0.0,VSA,Radical
GradientBoosting,SMILES_RADICAL_PEOE_VSA3,0.0,0.0,VSA,Radical
GradientBoosting,SMILES_RADICAL_PEOE_VSA5,0.0,0.0,VSA,Radical
GradientBoosting,SMILES_RADICAL_PEOE_VSA6,0.0,0.0,VSA,Radical
GradientBoosting,SMILES_RADICAL_PEOE_VSA7,0.0,0.0,VSA,Radical
GradientBoosting,SMILES_RADICAL_PEOE_VSA8,0.0,0.0,VSA,Radical
GradientBoosting,SMILES_RADICAL_SMR_VSA2,0.0,0.0,VSA,Radical
GradientBoosting,SMILES_RADICAL_SMR_VSA3,0.0,0.0,VSA,Radical
GradientBoosting,SMILES_RADICAL_SMR_VSA4,0.0,0.0,VSA,Radical
GradientBoosting,SMILES_RADICAL_SMR_VSA5,0.0,0.0,VSA,Radical
GradientBoosting,SMILES_RADICAL_SMR_VSA7,0.0,0.0,VSA,Radical
GradientBoosting,SMILES_RADICAL_SMR_VSA8,0.0,0.0,VSA,Radical
GradientBoosting,SMILES_RADICAL_SMR_VSA9,0.0,0.0,VSA,Radical
GradientBoosting,SMILES_RADICAL_SlogP_VSA10,0.0,0.0,VSA,Radical
GradientBoosting,SMILES_RADICAL_SlogP_VSA11,0.0,0.0,VSA,Radical
GradientBoosting,SMILES_RADICAL_SlogP_VSA4,0.0,0.0,VSA,Radical
GradientBoosting,SMILES_RADICAL_SlogP_VSA5,0.0,0.0,VSA,Radical
GradientBoosting,SMILES_RADICAL_SlogP_VSA6,0.0,0.0,VSA,Radical
GradientBoosting,SMILES_RADICAL_SlogP_VSA7,0.0,0.0,VSA,Radical
GradientBoosting,SMILES_RADICAL_SlogP_VSA8,0.0,0.0,VSA,Radical
GradientBoosting,SMILES_RADICAL_SlogP_VSA9,0.0,0.0,VSA,Radical
GradientBoosting,SMILES_RADICAL_VSA_EState1,0.0,0.0,VSA,Radical
GradientBoosting,SMILES_RADICAL_VSA_EState2,0.0,0.0,VSA,Radical
GradientBoosting,SMILES_RADICAL_VSA_EState4,0.0,0.0,VSA,Radical
GradientBoosting,SMILES_RADICAL_VSA_EState5,0.0,0.0,VSA,Radical
GradientBoosting,SMILES_RADICAL_VSA_EState6,0.0,0.0,VSA,Radical
GradientBoosting,SMILES_SMR_VSA2,0.0,0.0,VSA,Molecule
GradientBoosting,SMILES_SMR_VSA3,0.0,0.0,VSA,Molecule
GradientBoosting,SMILES_SMR_VSA4,0.0,0.0,VSA,Molecule
GradientBoosting,SMILES_SMR_VSA5,0.0,0.0,VSA,Molecule
GradientBoosting,SMILES_SMR_VSA8,0.0,0.0,VSA,Molecule
GradientBoosting,SMILES_SlogP_VSA1,0.0,0.0,VSA,Molecule
GradientBoosting,SMILES_SlogP_VSA10,0.0,0.0,VSA,Molecule
GradientBoosting,SMILES_SlogP_VSA12,0.0,0.0,VSA,Molecule
GradientBoosting,SMILES_SlogP_VSA4,0.0,0.0,VSA,Molecule
GradientBoosting,SMILES_SlogP_VSA5,0.0,0.0,VSA,Molecule
GradientBoosting,SMILES_SlogP_VSA7,0.0,0.0,VSA,Molecule
GradientBoosting,SMILES_SlogP_VSA9,0.0,0.0,VSA,Molecule
GradientBoosting,SMILES_Superclass_Organic oxygen compounds,0.0,0.0,Structural,Molecule
GradientBoosting,SMILES_Superclass_Phenylpropanoids and polyketides,0.0,0.0,Structural,Molecule
GradientBoosting,SMILES_VSA_EState10,0.0,0.0,VSA,Molecule
GradientBoosting,SMILES_VSA_EState8,0.0,0.0,VSA,Molecule
RandomForest,SMILES_RADICAL_MaxAbsPartialCharge,0.18840502786110488,0.011727323588458464,Electronic,Radical
RandomForest,GROUP_Phenols,0.10750509077593753,0.023502225166942024,Experimental,Molecule
RandomForest,SMILES_HallKierAlpha,0.06873723009323582,0.013960736288426036,Electronic,Molecule
RandomForest,SMILES_MinAbsEStateIndex,0.049720151485273964,0.002169398740883493,Electronic,Molecule
RandomForest,SMILES_RADICAL_MolWt,0.04898766617723679,0.009363981273171963,Structural,Radical
RandomForest,SMILES_RADICAL_HeavyAtomMolWt,0.04578283724592706,0.008830783501514975,Structural,Radical
RandomForest,SITE_O22,0.03809052257667785,0.0008401762774708685,Experimental,Site
RandomForest,SITE_O25,0.03563143684360858,0.000835669310337525,Experimental,Site
RandomForest,SMILES_PEOE_VSA9,0.032315168766489814,0.020779689714635178,VSA,Molecule
RandomForest,SITE_O18,0.031604847658988626,0.0009019054215135426,Experimental,Site
RandomForest,SITE_O20,0.031217941709940317,0.0007786661681641995,Experimental,Site
RandomForest,SMILES_BalabanJ,0.030933198502175605,0.006529115661205653,Structural,Molecule
RandomForest,SMILES_RADICAL_Kappa3,0.0305178803397789,0.009047174123996372,Structural,Radical
RandomForest,SMILES_RADICAL_MinPartialCharge,0.029992310728135102,0.008125048752758521,Electronic,Radical
RandomForest,SITE_O26,0.021397681043848694,0.0011427211844148748,Experimental,Site
RandomForest,SMILES_RADICAL_Chi1v,0.019371821158581676,0.002326913899622177,Structural,Radical
RandomForest,SMILES_RADICAL_Chi0v,0.017014309721576797,0.0020443415224945982,Structural,Radical
RandomForest,SMILES_RADICAL_MolMR,0.016024339479241236,0.002112616978982702,Electronic,Radical
RandomForest,SITE_O24,0.012619070830473268,0.0007045749434487754,Experimental,Site
RandomForest,SITE_C30,0.010013841957863704,0.0002918073028611716,Experimental,Site
RandomForest,SITE_C29,0.008258379014214997,0.0003834614608763652,Experimental,Site
RandomForest,SITE_O19,0.007772528273457468,0.0001042830956997063,Experimental,Site
RandomForest,SITE_C28,0.0057455974768140785,0.0003435081247173622,Experimental,Site
RandomForest,SMILES_NumAliphaticRings,0.00510214624177301,0.0027351452660903442,Structural,Molecule
RandomForest,SITE_C31,0.00435234430051142,0.00034509140498461085,Experimental,Site
RandomForest,SMILES_VSA_EState1,0.003842614690263746,0.0017357407586228286,VSA,Molecule
RandomForest,SMILES_MaxEStateIndex,0.003811614705787079,0.0006158530471037849,Electronic,Molecule
RandomForest,SMILES_MaxAbsEStateIndex,0.0037992094359669774,0.0008080284504224043,Electronic,Molecule
RandomForest,SMILES_NumAliphaticHeterocycles,0.0037173148327800075,0.0015910794174941827,Structural,Molecule
RandomForest,MEDIUM_WAT,0.00355588852255368,6.0594401467805055e-05,Experimental,Site
RandomForest,SMILES_Class_Flavonoids,0.0035376685958590664,0.0015716872633147804,Structural,Molecule
RandomForest,SMILES_EState_VSA2,0.003375385384401666,0.009349965896730922,VSA,Molecule
RandomForest,SMILES_VSA_EState2,0.002503719117430776,0.0003271508620108801,VSA,Molecule
RandomForest,SMILES_PEOE_VSA11,0.0021363354730729173,0.0005997934030066846,VSA,Molecule
RandomForest,SMILES_EState_VSA10,0.0021272863910053695,0.001456296532705173,VSA,Molecule
RandomForest,SMILES_VSA_EState6,0.0021243397035547312,0.001554615628049108,VSA,Molecule
RandomForest,SMILES_NumValenceElectrons,0.0021104080849177497,0.0017705263300533665,Structural,Molecule
RandomForest,SMILES_MolWt,0.0020757835251291957,0.0015367030385113243,Structural,Molecule
RandomForest,SMILES_BertzCT,0.00206907477078998,0.0004967874275414491,Structural,Molecule
RandomForest,SITE_O1,0.0020458477596700447,0.0002274075684825343,Experimental,Site
RandomForest,SMILES_HeavyAtomCount,0.0018817448261229386,0.0018012370911545121,Structural,Molecule
RandomForest,SMILES_RADICAL_PEOE_VSA1,0.0018792127175811832,0.00038985710465728275,VSA,Radical
RandomForest,CHARGE,0.001698060346427457,0.0010587907721132258,Electronic,Molecule
RandomForest,SMILES_Kappa1,0.001688000171982664,0.0015338396232467521,Structural,Molecule
RandomForest,SMILES_Chi0,0.001684382543462507,0.0012772857177083751,Structural,Molecule
RandomForest,SMILES_RADICAL_SlogP_VSA2,0.0016677610606009253,0.00021967488845864834,VSA,Radical
RandomForest,SMILES_RADICAL_MinAbsPartialCharge,0.0016355699826941788,0.00039691503422202736,Electronic,Radical
RandomForest,SMILES_MinAbsPartialCharge,0.0015601047441153634,0.00048768001944761853,Electronic,Molecule
RandomForest,SMILES_MaxPartialCharge,0.0015361286329176084,0.0004943097196874872,Electronic,Molecule
RandomForest,SMILES_HeavyAtomMolWt,0.0015122101120157024,0.0014487644918827062,Structural,Molecule
RandomForest,SMILES_RADICAL_MolLogP,0.0014922769995979717,0.0003750396748964555,Electronic,Radical
RandomForest,SITE_C12,0.0014589379376027606,4.676907046806765e-05,Experimental,Site
RandomForest,RADICAL_HO,0.0014518561623229,0.000457770649716807,Structural,Radical
RandomForest,SMILES_RADICAL_EState_VSA2,0.0014320216030496902,0.00037854397661872606,VSA,Radical
RandomForest,SMILES_RADICAL_SMR_VSA1,0.0014175402609881858,0.0003904127724963167,VSA,Radical
RandomForest,SMILES_RADICAL_MinAbsEStateIndex,0.0013767867606620902,0.0002310358605912188,Electronic,Radical
RandomForest,SMILES_RADICAL_TPSA,0.0013729241358140915,0.00036057293499806105,VSA,Radical
RandomForest,SMILES_RADICAL_MinEStateIndex,0.0013243717309986902,0.0002546784181195454,Electronic,Radical
RandomForest,SMILES_RADICAL_NHOHCount,0.0013009138831671801,0.0003816467462353892,Structural,Radical
RandomForest,SITE_O2,0.0010848763833142885,0.00014900777353447824,Experimental,Site
RandomForest,SMILES_Chi1,0.0010213596770162906,0.0010131744585666102,Structural,Molecule
RandomForest,MEDIUM_GAS,0.000975413193732786,2.2947394652519478e-05,Experimental,Site
RandomForest,SMILES_PEOE_VSA8,0.0008972350746508353,0.0049734210824891,VSA,Molecule
RandomForest,SITE_C16,0.000872189752496714,3.7922989671330876e-05,Experimental,Site
RandomForest,SMILES_Kappa3,0.000716912778259545,0.00011722540857495523,Structural,Molecule
RandomForest,SMILES_RADICAL_MaxEStateIndex,0.0007167997594336775,0.0002155545119352216,Electronic,Radical
RandomForest,SMILES_RADICAL_VSA_EState3,0.0006832039722269507,0.0002334207322968604,VSA,Radical
RandomForest,SMILES_RADICAL_SMR_VSA6,0.0006753823012756845,0.00022815508563508224,VSA,Radical
RandomForest,SMILES_RADICAL_MaxAbsEStateIndex,0.000629390080968924,0.00022816474515273592,Electronic,Radical
RandomForest,SITE_O3,0.0006115336925327732,7.922161358811149e-05,Experimental,Site
RandomForest,SMILES_VSA_EState4,0.0005960976117113918,0.00028009814261285897,VSA,Molecule
RandomForest,SMILES_RADICAL_NumValenceElectrons,0.0005940498334362226,0.00028522245630763714,Structural,Radical
RandomForest,SMILES_Chi3n,0.0005896805689535789,8.278119198929942e-05,Structural,Molecule
RandomForest,SMILES_Chi3v,0.0005860559114939507,7.792389364255983e-05,Structural,Molecule
RandomForest,SMILES_RADICAL_Kappa1,0.0005852453692895351,0.00020773663870194106,Structural,Radical
RandomForest,SMILES_MaxAbsPartialCharge,0.0005824840282141816,9.987293197437874e-05,Electronic,Molecule
RandomForest,SMILES_RADICAL_HeavyAtomCount,0.0005756216362051607,0.00024558510179678106,Structural,Radical
RandomForest,SMILES_MinPartialCharge,0.0005672046242015508,7.782828864810129e-05,Electronic,Molecule
RandomForest,SMILES_RADICAL_Chi1,0.0005509877222480656,0.0002602698268687983,Structural,Radical
RandomForest,SMILES_RADICAL_Chi0,0.0005362598323798059,0.0002578604759576134,Structural,Radical
RandomForest,SMILES_RADICAL_BalabanJ,0.0005248389944176921,0.00023013456333198496,Structural,Radical
RandomForest,SMILES_Parent_Level_Pyrogallols and derivatives,0.0005215885492257648,0.0001018937288794824,Structural,Molecule
RandomForest,SMILES_RADICAL_MaxPartialCharge,0.0005161306188179492,0.00023394215826131568,Electronic,Radical
RandomForest,SMILES_RADICAL_Chi0n,0.0005090274408717634,0.00022806734634670014,Structural,Radical
RandomForest,SMILES_RADICAL_VSA_EState9,0.0005067272096201836,0.0002606613475774299,VSA,Radical
RandomForest,SMILES_VSA_EState3,0.0005011571441266902,0.0001323007288192702,VSA,Molecule
RandomForest,RADICAL_CH3O,0.00048743064575152675,0.000302659838362768,Structural,Radical
RandomForest,SITE_C10,0.0004826474456377845,6.490685627772375e-05,Experimental,Site
RandomForest,SMILES_NumRotatableBonds,0.00046794313919828106,0.0002908242678472465,Structural,Molecule
RandomForest,SMILES_RADICAL_Chi1n,0.000467065211539576,0.00019786489289278203,Structural,Radical
RandomForest,SMILES_RADICAL_BertzCT,0.0004554212179989267,0.0002552844156858874,Structural,Radical
RandomForest,SMILES_RADICAL_Kappa2,0.00044225292468134996,0.00022346857303648366,Structural,Radical
RandomForest,SMILES_RADICAL_EState_VSA4,0.00043462375341887593,0.00022940091209148618,VSA,Radical
RandomForest,SMILES_RADICAL_PEOE_VSA4,0.00043233556972139295,0.00021073937842084402,VSA,Radical
RandomForest,SMILES_RADICAL_SlogP_VSA1,0.00041525167650809325,0.00021358149536886337,VSA,Radical
RandomForest,SMILES_VSA_EState5,0.00039992507344346055,6.879547549269118e-05,VSA,Molecule
RandomForest,SMILES_RADICAL_EState_VSA9,0.0003877764204190999,0.00017894684895547686,VSA,Radical
RandomForest,SMILES_Parent_Level_1-hydroxy-4-unsubstituted benzenoids,0.00036486399098908777,8.439876985641587e-05,Structural,Molecule
RandomForest,SMILES_RADICAL_SlogP_VSA3,0.0003206686223687606,3.7174224216102804e-05,VSA,Radical
RandomForest,SMILES_Chi2n,0.0003139202398840507,7.338591466683709e-05,Structural,Molecule
RandomForest,SMILES_VSA_EState7,0.00031265612621834363,4.366167522538377e-05,VSA,Molecule
RandomForest,SMILES_Chi2v,0.0003117111861395803,6.502511179878272e-05,Structural,Molecule
RandomForest,SMILES_SlogP_VSA2,0.0002860120489090803,5.037308226643506e-05,VSA,Molecule
RandomForest,SITE_C3,0.0002492463372427155,7.762680192613558e-05,Experimental,Site
RandomForest,SMILES_PEOE_VSA7,0.00024421065393811814,7.54536674819682e-05,VSA,Molecule
RandomForest,SMILES_EState_VSA5,0.00023096483200402395,6.639949693643615e-05,VSA,Molecule
RandomForest,SMILES_SMR_VSA10,0.00021903133538017793,0.00011171773796035359,VSA,Molecule
RandomForest,SMILES_SMR_VSA1,0.00021337869515569013,6.247589555047819e-05,VSA,Molecule
RandomForest,SMILES_Chi4n,0.0002051188926651296,0.00012053175675580811,Structural,Molecule
RandomForest,SMILES_Chi4v,0.0002023688534399366,0.00010315414121691473,Structural,Molecule
RandomForest,SMILES_MinEStateIndex,0.0002012952481026,0.00011581192400309313,Electronic,Molecule
RandomForest,SITE_C13,0.00019809747995194085,2.7716462960232847e-05,Experimental,Site
RandomForest,SMILES_PEOE_VSA1,0.00018578613809223522,3.989154957638785e-05,VSA,Molecule
RandomForest,SMILES_EState_VSA6,0.00018226389481230563,4.733161821892859e-05,VSA,Molecule
RandomForest,SMILES_EState_VSA1,0.0001800416424235983,5.077422755193126e-05,VSA,Molecule
RandomForest,SMILES_Parent_Level_Hydroxybenzoic acid derivatives,0.00017672954346390944,0.00010706993085759148,Structural,Molecule
RandomForest,SMILES_SlogP_VSA5,0.00017559329772505084,0.0001776961811520018,VSA,Molecule
RandomForest,SMILES_SlogP_VSA3,0.00016124841786193392,2.8723599026249505e-05,VSA,Molecule
RandomForest,SMILES_PEOE_VSA12,0.00014596663125996515,4.8553895364426516e-05,VSA,Molecule
RandomForest,SITE_C15,0.00014458936193835332,1.6491395327784592e-05,Experimental,Site
RandomForest,RADICAL_HS,0.00014191202018090605,2.747610334113942e-05,Structural,Radical
RandomForest,SMILES_MolLogP,0.00014054631164178575,3.9703220445668355e-05,Electronic,Molecule
RandomForest,SMILES_RADICAL_SMR_VSA10,0.0001305216900232174,2.800136163097182e-05,VSA,Radical
RandomForest,SMILES_TPSA,0.00010811996219081524,7.128730549165657e-05,VSA,Molecule
RandomForest,SMILES_EState_VSA4,0.0001068595885826518,0.0001139677517003918,VSA,Molecule
RandomForest,SMILES_Chi1n,9.567101270555316e-05,5.203272965999538e-05,Structural,Molecule
RandomForest,SMILES_MolMR,9.249675310799489e-05,4.622810947700721e-05,Electronic,Molecule
RandomForest,SMILES_Chi1v,8.748418093711413e-05,4.397074609221741e-05,Structural,Molecule
RandomForest,SMILES_RADICAL_Chi2v,7.50329211907445e-05,1.0336070541731316e-05,Structural,Radical
RandomForest,SMILES_Kappa2,7.477035586280573e-05,3.831195332400341e-05,Structural,Molecule
RandomForest,SMILES_Chi0v,7.354266934188579e-05,5.068218202004531e-05,Structural,Molecule
RandomForest,SMILES_RADICAL_VSA_EState7,7.348461863232458e-05,9.859774593113153e-06,VSA,Radical
RandomForest,SMILES_Chi0n,6.937096681821858e-05,3.8233001072313894e-05,Structural,Molecule
RandomForest,SMILES_SlogP_VSA6,6.758047158158726e-05,3.3485443900034645e-05,VSA,Molecule
RandomForest,SMILES_SMR_VSA7,6.743062273375849e-05,3.12904852905073e-05,VSA,Molecule
RandomForest,SMILES_RADICAL_EState_VSA7,6.321429396086594e-05,1.0868301082104323e-05,VSA,Radical
RandomForest,SMILES_RADICAL_NumRadicalElectrons,6.198735988391226e-05,9.632503150820242e-06,Structural,Radical
RandomForest,SMILES_RADICAL_EState_VSA5,6.165961017142954e-05,9.079176529803337e-06,VSA,Radical
RandomForest,RADICAL_CH3SS,6.097289470146142e-05,8.86789559846862e-06,Structural,Radical
RandomForest,SMILES_NumHeteroatoms,5.6624106224980294e-05,4.153672654683522e-05,Structural,Molecule
RandomForest,SMILES_PEOE_VSA3,5.6446111719821844e-05,1.617552866273123e-05,VSA,Molecule
RandomForest,SMILES_NumRadicalElectrons,5.587116483586898e-05,2.318393809311713e-05,Structural,Molecule
RandomForest,SMILES_NumHAcceptors,5.5668839264935316e-05,3.0758246644732815e-05,Structural,Molecule
RandomForest,SMILES_EState_VSA7,5.092591118785894e-05,6.950089917936341e-06,VSA,Molecule
RandomForest,SMILES_NOCount,4.699217806426114e-05,4.010587857545872e-05,Structural,Molecule
RandomForest,SMILES_SMR_VSA9,4.18081595118502e-05,1.103182824649216e-05,VSA,Molecule
RandomForest,SMILES_NumHDonors,3.951761315424787e-05,3.436795521016506e-05,Structural,Molecule
RandomForest,SMILES_VSA_EState9,3.882272729296672e-05,7.240856253601159e-06,VSA,Molecule
RandomForest,SMILES_RADICAL_HallKierAlpha,3.822386118657426e-05,6.86952690709904e-06,Electronic,Radical
RandomForest,SMILES_NHOHCount,3.711691961578421e-05,2.800308546252276e-05,Structural,Molecule
RandomForest,SMILES_SlogP_VSA11,3.602810299228873e-05,7.463040456684145e-06,VSA,Molecule
RandomForest,SMILES_EState_VSA3,3.486345860690706e-05,1.1283388026766714e-05,VSA,Molecule
RandomForest,SMILES_EState_VSA9,3.1397452278472504e-05,7.91453480624643e-06,VSA,Molecule
RandomForest,SMILES_VSA_EState8,3.111883491565307e-05,8.655014942640788e-06,VSA,Molecule
RandomForest,SMILES_PEOE_VSA10,2.971160724080651e-05,8.80980374333544e-06,VSA,Molecule
RandomForest,SMILES_PEOE_VSA6,2.8356735945600516e-05,9.598965391870593e-06,VSA,Molecule
RandomForest,SMILES_Class_Benzene and substituted derivatives,2.834645103934964e-05,2.462303549945267e-05,Structural,Molecule
RandomForest,SMILES_SlogP_VSA8,2.6991677949542604e-05,4.0841462265234376e-05,VSA,Molecule
RandomForest,SMILES_RADICAL_EState_VSA8,2.5554915808768636e-05,4.1706964035416245e-06,VSA,Radical
RandomForest,SMILES_NumAliphaticCarbocycles,2.1851234217708757e-05,3.209687946438288e-05,Structural,Molecule
RandomForest,SMILES_SlogP_VSA4,2.1586025479194617e-05,2.8662909343506677e-05,VSA,Molecule
RandomForest,SMILES_Parent_Level_Hydroxyquinols and derivatives,2.0995746952545438e-05,3.770339624299632e-06,Structural,Molecule
RandomForest,SMILES_Superclass_Phenylpropanoids and polyketides,1.7794007478397993e-05,2.473850131557244e-05,Structural,Molecule
RandomForest,SMILES_RADICAL_VSA_EState2,1.7245616644041468e-05,4.279644369832872e-06,VSA,Radical
RandomForest,SMILES_PEOE_VSA14,1.679806684547344e-05,2.2513970077304963e-05,VSA,Molecule
RandomForest,SMILES_RADICAL_SMR_VSA7,1.6424015770770727e-05,4.713517505914843e-06,VSA,Radical
RandomForest,SMILES_RADICAL_Chi2n,1.6396980004252184e-05,3.483607019575624e-06,Structural,Radical
RandomForest,SMILES_RADICAL_PEOE_VSA6,1.6285723400679488e-05,3.881619619094015e-06,VSA,Radical
RandomForest,SMILES_RADICAL_Chi3v,1.484852907362274e-05,4.344473187998188e-06,Structural,Radical
RandomForest,SMILES_RADICAL_Chi3n,1.4523187873432838e-05,3.6687502637657877e-06,Structural,Radical
RandomForest,SMILES_RADICAL_PEOE_VSA9,1.4348471928348007e-05,4.37927781903343e-06,VSA,Radical
RandomForest,SMILES_RADICAL_NumHeteroatoms,1.4181861636359233e-05,3.393178498526832e-06,Structural,Radical
RandomForest,SMILES_RADICAL_NOCount,1.3663563213447535e-05,2.960239159456236e-06,Structural,Radical
RandomForest,SMILES_RADICAL_SlogP_VSA6,1.365992857035706e-05,3.1097628886844974e-06,VSA,Radical
RandomForest,SMILES_RADICAL_NumRotatableBonds,1.3648639915221563e-05,3.9147126134388095e-06,Structural,Radical
RandomForest,SMILES_RADICAL_VSA_EState8,1.3635092520020253e-05,3.882390370432745e-06,VSA,Radical
RandomForest,SMILES_RADICAL_NumHDonors,1.353445360378257e-05,1.384685313942276e-06,Structural,Radical
RandomForest,SMILES_PEOE_VSA13,1.3462453196103701e-05,4.393843432950356e-06,VSA,Molecule
RandomForest,SMILES_RADICAL_NumHAcceptors,1.3223285213369041e-05,3.918991113722063e-06,Structural,Radical
RandomForest,SMILES_NumAromaticCarbocycles,1.259275547370133e-05,3.758848771987606e-06,Structural,Molecule
RandomForest,SMILES_Parent_Level_Naphthols and derivatives,1.2555467869330432e-05,3.5650353127778947e-06,Structural,Molecule
RandomForest,SMILES_Class_Naphthalenes,1.2300391957052793e-05,3.5305093962574587e-06,Structural,Molecule
RandomForest,SMILES_NumAromaticRings,1.2274689661673384e-05,3.5278350505556123e-06,Structural,Molecule
RandomForest,RADICAL_HOO,1.2087136123354692e-05,1.4508093265203689e-06,Structural,Radical
RandomForest,SMILES_EState_VSA8,1.1105358101080838e-05,7.742675026144007e-06,VSA,Molecule
RandomForest,SMILES_PEOE_VSA2,1.0551030909992084e-05,5.7418203780892085e-06,VSA,Molecule
RandomForest,SMILES_RADICAL_VSA_EState10,8.482027797663393e-06,1.1753695925937744e-06,VSA,Radical
RandomForest,SMILES_Class_Naphthacenes,7.360940068571151e-06,2.213547146603767e-06,Structural,Molecule
RandomForest,SMILES_Parent_Level_Naphthacenes,7.149177859490322e-06,1.8595111711704668e-06,Structural,Molecule
RandomForest,SMILES_Parent_Level_7-hydroxyflavonoids,6.826811103084358e-06,1.9614890680198192e-06,Structural,Molecule
RandomForest,SMILES_SlogP_VSA1,6.599294675498764e-06,1.1836927465915724e-06,VSA,Molecule
RandomForest,SMILES_Parent_Level_Biphenyls and derivatives,6.410482865616101e-06,1.5385844957238768e-06,Structural,Molecule
RandomForest,SMILES_RADICAL_EState_VSA6,6.04673989357787e-06,1.1346751277437921e-06,VSA,Radical
RandomForest,SMILES_SMR_VSA6,5.992485444949916e-06,2.3008800179698516e-06,VSA,Molecule
RandomForest,RADICAL_CH3S,5.712176396706176e-06,1.0104904134360076e-06,Structural,Radical
RandomForest,SMILES_Parent_Level_Anthracenes,5.7079289933891545e-06,1.4570023490203404e-06,Structural,Molecule
RandomForest,SMILES_Parent_Level_Phenols,4.794842303308991e-06,2.0844344885042714e-06,Structural,Molecule
RandomForest,SMILES_Parent_Level_Hydroquinones,4.332871397864382e-06,1.2871313249978633e-06,Structural,Molecule
RandomForest,SMILES_Class_Phenols,3.3954686348643923e-06,2.505448918188098e-06,Structural,Molecule
RandomForest,SMILES_RADICAL_PEOE_VSA8,3.3907899336657548e-06,4.970733699044857e-07,VSA,Radical
RandomForest,RADICAL_CH3OO,3.3620296802050542e-06,4.63507970640071e-07,Structural,Radical
RandomForest,SMILES_SMR_VSA5,3.3244876163126188e-06,4.483381650759266e-06,VSA,Molecule
RandomForest,SMILES_Class_Cinnamic acids and derivatives,2.9896665649555156e-06,2.522647745914897e-06,Structural,Molecule
RandomForest,SMILES_Parent_Level_3-O-methylated flavonoids,2.931220857821787e-06,6.304960980517923e-07,Structural,Molecule
RandomForest,SMILES_Parent_Level_Phloroglucinols and derivatives,2.3228832288414073e-06,9.340195435887592e-06,Structural,Molecule
RandomForest,SMILES_Parent_Level_Resorcinols,2.025695642930513e-06,2.763554684447294e-06,Structural,Molecule
RandomForest,SMILES_Superclass_Organic oxygen compounds,1.7434208745558557e-06,2.4073209718621607e-06,Structural,Molecule
RandomForest,SMILES_RADICAL_SlogP_VSA12,1.7230403314822562e-06,5.167975311467382e-07,VSA,Radical
RandomForest,RADICAL_HSS,1.7146786718328004e-06,4.0976925214585593e-07,Structural,Radical
RandomForest,SMILES_Parent_Level_Ketones,1.6913999619560526e-06,2.1135447975703263e-06,Structural,Molecule
RandomForest,SMILES_RADICAL_EState_VSA1,1.5930208515006634e-06,5.349097617452519e-07,VSA,Radical
RandomForest,RADICAL_CH3SO,1.5796125775154122e-06,3.863688047083114e-07,Structural,Radical
RandomForest,SMILES_Parent_Level_Hydroxycinnamic acids,1.5721677456504302e-06,2.0006315532072588e-06,Structural,Molecule
RandomForest,SMILES_Class_Organooxygen compounds,1.549276509703178e-06,1.6360139320634949e-06,Structural,Molecule
RandomForest,SMILES_RADICAL_VSA_EState1,1.5270401865191645e-06,4.036221410970877e-07,VSA,Radical
RandomForest,SMILES_RADICAL_PEOE_VSA7,1.501044164038598e-06,4.99405100708103e-07,VSA,Radical
RandomForest,SMILES_Parent_Level_Styrenes,1.422683460014228e-06,6.555021206765697e-07,Structural,Molecule
RandomForest,SMILES_RADICAL_PEOE_VSA2,1.4096405548675525e-06,3.44177715259566e-07,VSA,Radical
RandomForest,SMILES_Parent_Level_Catechols,1.1884649169818125e-06,7.845875704868782e-07,Structural,Molecule
RandomForest,SMILES_Parent_Level_Stilbenes,1.1248783872405682e-06,2.25272699787431e-06,Structural,Molecule
RandomForest,SMILES_Parent_Level_Hydroxycinnamic acids and derivatives,9.786117472393116e-07,6.891274594230269e-07,Structural,Molecule
RandomForest,SMILES_Class_Stilbenes,8.55529218883061e-07,8.846561713363339e-07,Structural,Molecule
RandomForest,SMILES_Parent_Level_Biphenols,4.051071484646706e-07,1.447603202446551e-07,Structural,Molecule
RandomForest,SMILES_EState_VSA11,0.0,0.0,VSA,Molecule
RandomForest,SMILES_NumAromaticHeterocycles,0.0,0.0,Structural,Molecule
RandomForest,SMILES_NumSaturatedCarbocycles,0.0,0.0,Structural,Molecule
RandomForest,SMILES_NumSaturatedHeterocycles,0.0,0.0,Structural,Molecule
RandomForest,SMILES_NumSaturatedRings,0.0,0.0,Structural,Molecule
RandomForest,SMILES_PEOE_VSA4,0.0,0.0,VSA,Molecule
RandomForest,SMILES_PEOE_VSA5,0.0,0.0,VSA,Molecule
RandomForest,SMILES_RADICAL_Chi4n,0.0,0.0,Structural,Radical
RandomForest,SMILES_RADICAL_Chi4v,0.0,0.0,Structural,Radical
RandomForest,SMILES_RADICAL_EState_VSA10,0.0,0.0,VSA,Radical
RandomForest,SMILES_RADICAL_EState_VSA11,0.0,0.0,VSA,Radical
RandomForest,SMILES_RADICAL_EState_VSA3,0.0,0.0,VSA,Radical
RandomForest,SMILES_RADICAL_NumAliphaticCarbocycles,0.0,0.0,Structural,Radical
RandomForest,SMILES_RADICAL_NumAliphaticHeterocycles,0.0,0.0,Structural,Radical
RandomForest,SMILES_RADICAL_NumAliphaticRings,0.0,0.0,Structural,Radical
RandomForest,SMILES_RADICAL_NumAromaticCarbocycles,0.0,0.0,Structural,Radical
RandomForest,SMILES_RADICAL_NumAromaticHeterocycles,0.0,0.0,Structural,Radical
RandomForest,SMILES_RADICAL_NumAromaticRings,0.0,0.0,Structural,Radical
RandomForest,SMILES_RADICAL_NumSaturatedCarbocycles,0.0,0.0,Structural,Radical
RandomForest,SMILES_RADICAL_NumSaturatedHeterocycles,0.0,0.0,Structural,Radical
RandomForest,SMILES_RADICAL_NumSaturatedRings,0.0,0.0,Structural,Radical
RandomForest,SMILES_RADICAL_PEOE_VSA10,0.0,0.0,VSA,Radical
RandomForest,SMILES_RADICAL_PEOE_VSA11,0.0,0.0,VSA,Radical
RandomForest,SMILES_RADICAL_PEOE_VSA12,0.0,0.0,VSA,Radical
RandomForest,SMILES_RADICAL_PEOE_VSA13,0.0,0.0,VSA,Radical
RandomForest,SMILES_RADICAL_PEOE_VSA14,0.0,0.0,VSA,Radical
RandomForest,SMILES_RADICAL_PEOE_VSA3,0.0,0.0,VSA,Radical
RandomForest,SMILES_RADICAL_PEOE_VSA5,0.0,0.0,VSA,Radical
RandomForest,SMILES_RADICAL_SMR_VSA2,0.0,0.0,VSA,Radical
RandomForest,SMILES_RADICAL_SMR_VSA3,0.0,0.0,VSA,Radical
RandomForest,SMILES_RADICAL_SMR_VSA4,0.0,0.0,VSA,Radical
RandomForest,SMILES_RADICAL_SMR_VSA5,0.0,0.0,VSA,Radical
RandomForest,SMILES_RADICAL_SMR_VSA8,0.0,0.0,VSA,Radical
RandomForest,SMILES_RADICAL_SMR_VSA9,0.0,0.0,VSA,Radical
RandomForest,SMILES_RADICAL_SlogP_VSA10,0.0,0.0,VSA,Radical
RandomForest,SMILES_RADICAL_SlogP_VSA11,0.0,0.0,VSA,Radical
RandomForest,SMILES_RADICAL_SlogP_VSA4,0.0,0.0,VSA,Radical
RandomForest,SMILES_RADICAL_SlogP_VSA5,0.0,0.0,VSA,Radical
RandomForest,SMILES_RADICAL_SlogP_VSA7,0.0,0.0,VSA,Radical
RandomForest,SMILES_RADICAL_SlogP_VSA8,0.0,0.0,VSA,Radical
RandomForest,SMILES_RADICAL_SlogP_VSA9,0.0,0.0,VSA,Radical
RandomForest,SMILES_RADICAL_VSA_EState4,0.0,0.0,VSA,Radical
RandomForest,SMILES_RADICAL_VSA_EState5,0.0,0.0,VSA,Radical
RandomForest,SMILES_RADICAL_VSA_EState6,0.0,0.0,VSA,Radical
RandomForest,SMILES_SMR_VSA2,0.0,0.0,VSA,Molecule
RandomForest,SMILES_SMR_VSA3,0.0,0.0,VSA,Molecule
RandomForest,SMILES_SMR_VSA4,0.0,0.0,VSA,Molecule
RandomForest,SMILES_SMR_VSA8,0.0,0.0,VSA,Molecule
RandomForest,SMILES_SlogP_VSA10,0.0,0.0,VSA,Molecule
RandomForest,SMILES_SlogP_VSA12,0.0,0.0,VSA,Molecule
RandomForest,SMILES_SlogP_VSA7,0.0,0.0,VSA,Molecule
RandomForest,SMILES_SlogP_VSA9,0.0,0.0,VSA,Molecule
RandomForest,SMILES_VSA_EState10,0.0,0.0,VSA,Molecule
RandomForestOpt1,SMILES_RADICAL_MaxAbsPartialCharge,0.19463315630805317,0.010229776964207163,Electronic,Radical
RandomForestOpt1,GROUP_Phenols,0.10175063215355104,0.016949937285586556,Experimental,Molecule
RandomForestOpt1,SMILES_HallKierAlpha,0.06883509155813775,0.011163660688107856,Electronic,Molecule
RandomForestOpt1,SMILES_MinAbsEStateIndex,0.04964733564142658,0.0025384815880897574,Electronic,Molecule
RandomForestOpt1,SMILES_RADICAL_MolWt,0.04577361765314624,0.00497440711378504,Structural,Radical
RandomForestOpt1,SMILES_RADICAL_HeavyAtomMolWt,0.04517999392010228,0.005488028898288378,Structural,Radical
RandomForestOpt1,SITE_O22,0.03803415731790901,0.0007848287187808098,Experimental,Site
RandomForestOpt1,SITE_O25,0.035611700921911064,0.0008043611952966021,Experimental,Site
RandomForestOpt1,SMILES_PEOE_VSA9,0.033855559508621014,0.020935795286406777,VSA,Molecule
RandomForestOpt1,SMILES_BalabanJ,0.03326273160722759,0.005501902841478621,Structural,Molecule
RandomForestOpt1,SITE_O18,0.0314066840037912,0.0008238064934886816,Experimental,Site
RandomForestOpt1,SITE_O20,0.03136015554614163,0.0008108482328732505,Experimental,Site
RandomForestOpt1,SMILES_RADICAL_Kappa3,0.030247114737742477,0.0048657090961486,Structural,Radical
RandomForestOpt1,SMILES_RADICAL_MinPartialCharge,0.02847191880318422,0.004468007412263632,Electronic,Radical
RandomForestOpt1,SITE_O26,0.021238411898986547,0.0011246532422648223,Experimental,Site
RandomForestOpt1,SMILES_RADICAL_Chi1v,0.018493197472973746,0.0014117255812252354,Structural,Radical
RandomForestOpt1,SMILES_RADICAL_Chi0v,0.01711823059364401,0.0013379943661108323,Structural,Radical
RandomForestOpt1,SMILES_RADICAL_MolMR,0.016769059325833766,0.0011670087846858475,Electronic,Radical
RandomForestOpt1,SITE_O24,0.012656278389779094,0.0007139404728907641,Experimental,Site
RandomForestOpt1,SITE_C30,0.010074722171222641,0.00031303929058775555,Experimental,Site
RandomForestOpt1,SITE_C29,0.008144922693228822,0.0003707490477849362,Experimental,Site
RandomForestOpt1,SITE_O19,0.007749925969059013,0.00010321617308787224,Experimental,Site
RandomForestOpt1,SITE_C28,0.005753017572106317,0.00034230197824099243,Experimental,Site
RandomForestOpt1,SMILES_NumAliphaticRings,0.004660251593480766,0.001457993781782249,Structural,Molecule
RandomForestOpt1,SMILES_EState_VSA2,0.004402240745150915,0.011199045367876796,VSA,Molecule
RandomForestOpt1,SITE_C31,0.004340615763317285,0.0003445388330480388,Experimental,Site
RandomForestOpt1,SMILES_NumAliphaticHeterocycles,0.003991654747090734,0.0011734132150822494,Structural,Molecule
RandomForestOpt1,SMILES_MaxAbsEStateIndex,0.0037596740641584127,0.0006670703918725248,Electronic,Molecule
RandomForestOpt1,SMILES_MaxEStateIndex,0.0037112324558415915,0.0006487970398966322,Electronic,Molecule
RandomForestOpt1,SMILES_Class_Flavonoids,0.003689808619018325,0.0010486276915541589,Structural,Molecule
RandomForestOpt1,SMILES_VSA_EState1,0.0035844316351088075,0.0011920582515090872,VSA,Molecule
RandomForestOpt1,MEDIUM_WAT,0.0035711064003351545,6.068111349252354e-05,Experimental,Site
RandomForestOpt1,SMILES_EState_VSA10,0.0026127029685608393,0.000878278833990461,VSA,Molecule
RandomForestOpt1,SMILES_VSA_EState2,0.0024687646404405253,0.0002881348564838851,VSA,Molecule
RandomForestOpt1,SMILES_VSA_EState6,0.002368292789001358,0.0017015816956604804,VSA,Molecule
RandomForestOpt1,SMILES_MolWt,0.0021904089701918423,0.001020078640287703,Structural,Molecule
RandomForestOpt1,SMILES_NumValenceElectrons,0.002168151308874521,0.0010837288318628208,Structural,Molecule
RandomForestOpt1,SMILES_PEOE_VSA11,0.0021621518591590943,0.000755546561849152,VSA,Molecule
RandomForestOpt1,SITE_O1,0.0020681404491264873,0.00019775569755247738,Experimental,Site
RandomForestOpt1,SMILES_BertzCT,0.0019328115647801536,0.0004469220507898249,Structural,Molecule
RandomForestOpt1,SMILES_RADICAL_PEOE_VSA1,0.0018143585420808692,0.0002493932670187952,VSA,Radical
RandomForestOpt1,CHARGE,0.0018120730014653662,0.0007168657231867225,Electronic,Molecule
RandomForestOpt1,SMILES_Chi0,0.0018054033003691396,0.0008394530988067175,Structural,Molecule
RandomForestOpt1,SMILES_RADICAL_MinAbsPartialCharge,0.0017344085110536775,0.0002462201650682553,Electronic,Radical
RandomForestOpt1,SMILES_MaxPartialCharge,0.001722164248999224,0.00047805308014020137,Electronic,Molecule
RandomForestOpt1,SMILES_MinAbsPartialCharge,0.0017218649031899324,0.000467545732836069,Electronic,Molecule
RandomForestOpt1,SMILES_HeavyAtomMolWt,0.0016469399492821113,0.0010222346970075987,Structural,Molecule
RandomForestOpt1,SMILES_RADICAL_SlogP_VSA2,0.001634066731496617,0.00012559268831761848,VSA,Radical
RandomForestOpt1,SMILES_HeavyAtomCount,0.0016074808095281605,0.0009279029073921581,Structural,Molecule
RandomForestOpt1,SMILES_Kappa1,0.0015560389843675062,0.0009369455873513689,Structural,Molecule
RandomForestOpt1,SMILES_RADICAL_TPSA,0.001530526912391834,0.00023596990580327043,VSA,Radical
RandomForestOpt1,SMILES_RADICAL_EState_VSA2,0.001526431895283162,0.00019483561876450095,VSA,Radical
RandomForestOpt1,SMILES_RADICAL_MolLogP,0.001517517794645307,0.00022592771775489397,Electronic,Radical
RandomForestOpt1,SMILES_RADICAL_SMR_VSA1,0.0014799291016591408,0.00023235139600236696,VSA,Radical
RandomForestOpt1,RADICAL_HO,0.0014773426649045717,0.00023301682384886907,Structural,Radical
RandomForestOpt1,SITE_C12,0.0014626569128000564,4.5844980221527506e-05,Experimental,Site
RandomForestOpt1,SMILES_RADICAL_NHOHCount,0.0014462104396792874,0.00020838802884794993,Structural,Radical
RandomForestOpt1,SMILES_RADICAL_MinAbsEStateIndex,0.0013643792093139015,0.0001501419011654556,Electronic,Radical
RandomForestOpt1,SMILES_RADICAL_MinEStateIndex,0.0013538297530492605,0.00015487529507596064,Electronic,Radical
RandomForestOpt1,SITE_O2,0.0010935699044134788,0.0001481119260836864,Experimental,Site
RandomForestOpt1,SMILES_PEOE_VSA8,0.0009906090679618158,0.005982138668137293,VSA,Molecule
RandomForestOpt1,MEDIUM_GAS,0.0009787479796325338,1.6118109366358686e-05,Experimental,Site
RandomForestOpt1,SITE_C16,0.000867462511603014,3.3510657319411455e-05,Experimental,Site
RandomForestOpt1,SMILES_Chi1,0.0008628210822969761,0.00048320422614249583,Structural,Molecule
RandomForestOpt1,SMILES_Kappa3,0.0007321627034567591,9.2122205366874e-05,Structural,Molecule
RandomForestOpt1,SMILES_RADICAL_SMR_VSA6,0.000696855929436493,0.00015546952330754545,VSA,Radical
RandomForestOpt1,SMILES_RADICAL_VSA_EState3,0.0006422773395257169,0.0001370693314537817,VSA,Radical
RandomForestOpt1,SMILES_RADICAL_MaxEStateIndex,0.000621646426179445,0.00011937983777836405,Electronic,Radical
RandomForestOpt1,SITE_O3,0.0006078984238397831,7.722151997719165e-05,Experimental,Site
RandomForestOpt1,SMILES_MaxAbsPartialCharge,0.0006062058830192394,8.135606999982316e-05,Electronic,Molecule
RandomForestOpt1,SMILES_RADICAL_MaxAbsEStateIndex,0.0005980360930253958,0.0001455421178372727,Electronic,Radical
RandomForestOpt1,SMILES_Chi3n,0.0005928135594218606,7.269168713776356e-05,Structural,Molecule
RandomForestOpt1,SMILES_Chi3v,0.0005899583007234817,6.983435405350362e-05,Structural,Molecule
RandomForestOpt1,SMILES_MinPartialCharge,0.0005811770730352662,7.135656246496108e-05,Electronic,Molecule
RandomForestOpt1,SMILES_VSA_EState4,0.000563243903764833,0.0002779472858783142,VSA,Molecule
RandomForestOpt1,SMILES_RADICAL_HeavyAtomCount,0.0005504876252293451,0.00013399312412388988,Structural,Radical
RandomForestOpt1,SMILES_Parent_Level_Pyrogallols and derivatives,0.0005355364557768563,0.00010163511028828634,Structural,Molecule
RandomForestOpt1,SMILES_RADICAL_Kappa1,0.0005259586591373028,0.0001386713984659116,Structural,Radical
RandomForestOpt1,SMILES_RADICAL_MaxPartialCharge,0.0005238930846591676,0.00013407590177679125,Electronic,Radical
RandomForestOpt1,SMILES_RADICAL_NumValenceElectrons,0.0005214192682270986,0.00012354461414001546,Structural,Radical
RandomForestOpt1,SMILES_RADICAL_Chi0,0.0005174316394160788,0.00013273611775216498,Structural,Radical
RandomForestOpt1,SMILES_RADICAL_Chi1,0.0005037353725255733,0.0001314297123772089,Structural,Radical
RandomForestOpt1,SMILES_RADICAL_Chi0n,0.000499968359730238,0.0001315294706629467,Structural,Radical
RandomForestOpt1,SMILES_RADICAL_BalabanJ,0.000499550181337524,0.00013702249892303292,Structural,Radical
RandomForestOpt1,SMILES_RADICAL_VSA_EState9,0.0004972243595786943,0.00012369435671669415,VSA,Radical
RandomForestOpt1,SMILES_RADICAL_PEOE_VSA4,0.00048536227210407883,0.00014609469038311056,VSA,Radical
RandomForestOpt1,SMILES_RADICAL_Chi1n,0.00048426846776184927,0.0001099020438983147,Structural,Radical
RandomForestOpt1,SITE_C10,0.0004806833910291169,4.8148631424710946e-05,Experimental,Site
RandomForestOpt1,SMILES_RADICAL_Kappa2,0.00046118662573448873,0.00012850759614071972,Structural,Radical
RandomForestOpt1,SMILES_VSA_EState3,0.0004509583056326056,0.00011666899252287353,VSA,Molecule
RandomForestOpt1,SMILES_RADICAL_EState_VSA4,0.00043934227814349013,0.00011758420547300115,VSA,Radical
RandomForestOpt1,SMILES_RADICAL_EState_VSA9,0.0004158215830404493,0.0001168475788416301,VSA,Radical
RandomForestOpt1,SMILES_RADICAL_BertzCT,0.00040924671005517605,0.00014716677171073417,Structural,Radical
RandomForestOpt1,RADICAL_CH3O,0.0004035679651215549,0.00014018725987893673,Structural,Radical
RandomForestOpt1,SMILES_VSA_EState5,0.00040296967725999015,5.066688787884466e-05,VSA,Molecule
RandomForestOpt1,SMILES_RADICAL_SlogP_VSA1,0.0003810229644002268,0.00013895974816525446,VSA,Radical
RandomForestOpt1,SMILES_Parent_Level_1-hydroxy-4-unsubstituted benzenoids,0.0003467900521678889,7.906482316440414e-05,Structural,Molecule
RandomForestOpt1,SMILES_Chi2n,0.0003307777733484324,5.8904351393947215e-05,Structural,Molecule
RandomForestOpt1,SMILES_Chi2v,0.0003296069780115859,5.997181076792825e-05,Structural,Molecule
RandomForestOpt1,SMILES_RADICAL_SlogP_VSA3,0.00031207005789298876,2.295613646579314e-05,VSA,Radical
RandomForestOpt1,SMILES_VSA_EState7,0.00031020481594670567,3.658947833462036e-05,VSA,Molecule
RandomForestOpt1,SMILES_SlogP_VSA2,0.00028917443034267746,3.802402351386311e-05,VSA,Molecule
RandomForestOpt1,SMILES_PEOE_VSA7,0.0002681544434199507,7.004119271646276e-05,VSA,Molecule
RandomForestOpt1,SITE_C3,0.00026049037235232675,5.978297239646265e-05,Experimental,Site
RandomForestOpt1,SMILES_SMR_VSA10,0.0002339598477116173,8.571907951223726e-05,VSA,Molecule
RandomForestOpt1,SMILES_EState_VSA5,0.00023127048956095777,5.119414797937788e-05,VSA,Molecule
RandomForestOpt1,SMILES_NumRotatableBonds,0.00021981295290970031,0.00011424486312723028,Structural,Molecule
RandomForestOpt1,SMILES_SMR_VSA1,0.0002150778558662803,4.485124896559195e-05,VSA,Molecule
RandomForestOpt1,SMILES_Chi4n,0.00021060698129487466,0.00010484963418680938,Structural,Molecule
RandomForestOpt1,SMILES_Chi4v,0.00020484284010414364,0.00010494125750701595,Structural,Molecule
RandomForestOpt1,SITE_C13,0.00020192175942742395,2.5979025535097152e-05,Experimental,Site
RandomForestOpt1,SMILES_MinEStateIndex,0.000201075372305769,8.209866070746484e-05,Electronic,Molecule
RandomForestOpt1,SMILES_PEOE_VSA1,0.00019245673410583239,2.7460960236719804e-05,VSA,Molecule
RandomForestOpt1,SMILES_EState_VSA6,0.00018574378349954507,4.004549858854186e-05,VSA,Molecule
RandomForestOpt1,SMILES_EState_VSA1,0.0001707378830057582,4.727960317642159e-05,VSA,Molecule
RandomForestOpt1,SMILES_Parent_Level_Hydroxybenzoic acid derivatives,0.00016415696108982436,8.231549742398164e-05,Structural,Molecule
RandomForestOpt1,SMILES_SlogP_VSA3,0.00015917634770509786,2.7571115157256622e-05,VSA,Molecule
RandomForestOpt1,SMILES_SlogP_VSA5,0.00015763640668320662,8.433535018258025e-05,VSA,Molecule
RandomForestOpt1,SMILES_MolLogP,0.00014531265775305388,3.834086586992482e-05,Electronic,Molecule
RandomForestOpt1,RADICAL_HS,0.0001432728801957352,1.5495816270225982e-05,Structural,Radical
RandomForestOpt1,SMILES_RADICAL_SMR_VSA10,0.00013995015576482393,1.4659003582270485e-05,VSA,Radical
RandomForestOpt1,SITE_C15,0.00013875660914874257,1.5913596864882146e-05,Experimental,Site
RandomForestOpt1,SMILES_PEOE_VSA12,0.00013735960668501845,3.592335991015351e-05,VSA,Molecule
RandomForestOpt1,SMILES_EState_VSA4,0.00010831926574574544,8.855905177838445e-05,VSA,Molecule
RandomForestOpt1,SMILES_TPSA,0.00010288363627732427,4.171241342124833e-05,VSA,Molecule
RandomForestOpt1,SMILES_Chi1n,9.860596995370359e-05,3.8394286053191434e-05,Structural,Molecule
RandomForestOpt1,SMILES_MolMR,9.66428121533292e-05,2.9845337308093623e-05,Electronic,Molecule
RandomForestOpt1,SMILES_Chi1v,9.562261560081287e-05,3.372433798092568e-05,Structural,Molecule
RandomForestOpt1,SMILES_Chi0v,7.672275907810512e-05,4.218109625372936e-05,Structural,Molecule
RandomForestOpt1,SMILES_Kappa2,7.646029520246163e-05,2.7594869462563572e-05,Structural,Molecule
RandomForestOpt1,SMILES_RADICAL_VSA_EState7,7.443846866233063e-05,5.376436342846593e-06,VSA,Radical
RandomForestOpt1,SMILES_RADICAL_Chi2v,7.417478323363607e-05,6.592635839625525e-06,Structural,Radical
RandomForestOpt1,SMILES_SMR_VSA7,7.303503369025749e-05,2.0887709395850265e-05,VSA,Molecule
RandomForestOpt1,SMILES_Chi0n,7.030984704063317e-05,2.2970153108991667e-05,Structural,Molecule
RandomForestOpt1,SMILES_SlogP_VSA6,6.839321554848011e-05,2.098091986533789e-05,VSA,Molecule
RandomForestOpt1,SMILES_NumHeteroatoms,6.479611103222708e-05,3.71360483990461e-05,Structural,Molecule
RandomForestOpt1,SMILES_NOCount,6.445152496892988e-05,3.8080576955357955e-05,Structural,Molecule
RandomForestOpt1,SMILES_RADICAL_EState_VSA7,6.248702477265989e-05,6.136189198321405e-06,VSA,Radical
RandomForestOpt1,SMILES_RADICAL_NumRadicalElectrons,6.175024823748337e-05,5.5383451033650185e-06,Structural,Radical
RandomForestOpt1,SMILES_RADICAL_EState_VSA5,6.0811788827523413e-05,4.8467126126105084e-06,VSA,Radical
RandomForestOpt1,SMILES_NumRadicalElectrons,6.062952205985227e-05,1.4488273573290412e-05,Structural,Molecule
RandomForestOpt1,SMILES_PEOE_VSA3,6.038556606991315e-05,1.4301113508331575e-05,VSA,Molecule
RandomForestOpt1,SMILES_NumHAcceptors,6.028091108386384e-05,1.826079101414594e-05,Structural,Molecule
RandomForestOpt1,RADICAL_CH3SS,5.995215719763589e-05,5.355758038266367e-06,Structural,Radical
RandomForestOpt1,SMILES_EState_VSA7,5.161208132488174e-05,6.460359111383438e-06,VSA,Molecule
RandomForestOpt1,SMILES_SMR_VSA9,4.321138072677354e-05,7.81885541495632e-06,VSA,Molecule
RandomForestOpt1,SMILES_SlogP_VSA11,3.9450184282233506e-05,6.9754257707998e-06,VSA,Molecule
RandomForestOpt1,SMILES_NHOHCount,3.938794815663215e-05,2.1235823126450974e-05,Structural,Molecule
RandomForestOpt1,SMILES_RADICAL_HallKierAlpha,3.840758312008001e-05,3.7857823383700805e-06,Electronic,Radical
RandomForestOpt1,SMILES_NumHDonors,3.766874408042785e-05,2.014058641916717e-05,Structural,Molecule
RandomForestOpt1,SMILES_EState_VSA3,3.654580177008894e-05,1.0723365271254867e-05,VSA,Molecule
RandomForestOpt1,SMILES_VSA_EState9,3.4760822388674574e-05,4.702525137329543e-06,VSA,Molecule
RandomForestOpt1,SMILES_PEOE_VSA10,3.232774923998458e-05,9.624798797457357e-06,VSA,Molecule
RandomForestOpt1,SMILES_EState_VSA9,3.2237782625070094e-05,6.394614469105785e-06,VSA,Molecule
RandomForestOpt1,SMILES_Class_Benzene and substituted derivatives,3.1753819361352156e-05,1.592213491240232e-05,Structural,Molecule
RandomForestOpt1,SMILES_PEOE_VSA6,3.0754118108028075e-05,6.978503419532744e-06,VSA,Molecule
RandomForestOpt1,SMILES_VSA_EState8,2.9757194250960772e-05,7.450710457767592e-06,VSA,Molecule
RandomForestOpt1,SMILES_SlogP_VSA4,2.7399592391380107e-05,2.4381183089416308e-05,VSA,Molecule
RandomForestOpt1,SMILES_SlogP_VSA8,2.6629019731997247e-05,2.07932060095914e-05,VSA,Molecule
RandomForestOpt1,SMILES_RADICAL_EState_VSA8,2.6108433528930323e-05,2.513867250714596e-06,VSA,Radical
RandomForestOpt1,SMILES_NumAliphaticCarbocycles,2.0951625358947395e-05,1.7883667892391195e-05,Structural,Molecule
RandomForestOpt1,SMILES_Superclass_Phenylpropanoids and polyketides,2.0695612139205757e-05,2.002380293663659e-05,Structural,Molecule
RandomForestOpt1,SMILES_PEOE_VSA14,2.026828488726955e-05,1.3557027081868993e-05,VSA,Molecule
RandomForestOpt1,SMILES_Parent_Level_Hydroxyquinols and derivatives,2.0029479963409346e-05,2.5444736895343945e-06,Structural,Molecule
RandomForestOpt1,SMILES_RADICAL_Chi2n,1.666291527200533e-05,1.8952329153303752e-06,Structural,Radical
RandomForestOpt1,SMILES_RADICAL_VSA_EState2,1.5956339750574487e-05,2.688377775712231e-06,VSA,Radical
RandomForestOpt1,SMILES_PEOE_VSA13,1.537151350771764e-05,3.85914749917486e-06,VSA,Molecule
RandomForestOpt1,SMILES_RADICAL_PEOE_VSA6,1.5021622892521036e-05,1.9041032648339369e-06,VSA,Radical
RandomForestOpt1,SMILES_RADICAL_NOCount,1.4303104935899358e-05,2.098979625940557e-06,Structural,Radical
RandomForestOpt1,SMILES_RADICAL_SMR_VSA7,1.4067429294850964e-05,2.3987681789308098e-06,VSA,Radical
RandomForestOpt1,SMILES_RADICAL_NumHeteroatoms,1.3918482761958569e-05,2.0451066297742816e-06,Structural,Radical
RandomForestOpt1,SMILES_RADICAL_NumHDonors,1.3722317866075853e-05,8.932332453323094e-07,Structural,Radical
RandomForestOpt1,SMILES_RADICAL_Chi3n,1.3582691958985022e-05,1.986930634013153e-06,Structural,Radical
RandomForestOpt1,SMILES_EState_VSA8,1.3377764595791925e-05,7.555707110056463e-06,VSA,Molecule
RandomForestOpt1,SMILES_RADICAL_Chi3v,1.3262629087273218e-05,2.073919241026542e-06,Structural,Radical
RandomForestOpt1,SMILES_RADICAL_PEOE_VSA9,1.3223509518011785e-05,2.2958429342396318e-06,VSA,Radical
RandomForestOpt1,SMILES_RADICAL_VSA_EState8,1.3161144504955843e-05,1.768988706792698e-06,VSA,Radical
RandomForestOpt1,SMILES_RADICAL_NumRotatableBonds,1.3092312736957946e-05,2.0193706729562494e-06,Structural,Radical
RandomForestOpt1,SMILES_RADICAL_SlogP_VSA6,1.2998814580322418e-05,1.9050869275019565e-06,VSA,Radical
RandomForestOpt1,SMILES_Parent_Level_Naphthols and derivatives,1.2541796325669684e-05,2.6789352818972775e-06,Structural,Molecule
RandomForestOpt1,SMILES_NumAromaticCarbocycles,1.2505107777041643e-05,2.640197519654549e-06,Structural,Molecule
RandomForestOpt1,SMILES_NumAromaticRings,1.241351874961002e-05,2.6055226544733873e-06,Structural,Molecule
RandomForestOpt1,SMILES_Class_Naphthalenes,1.234257838828631e-05,2.621843939367161e-06,Structural,Molecule
RandomForestOpt1,SMILES_RADICAL_NumHAcceptors,1.2144434908675002e-05,1.8615938907015582e-06,Structural,Radical
RandomForestOpt1,RADICAL_HOO,1.2090402558407122e-05,7.893613505623441e-07,Structural,Radical
RandomForestOpt1,SMILES_PEOE_VSA2,1.1287145268207845e-05,4.2034211800815824e-06,VSA,Molecule
RandomForestOpt1,SMILES_RADICAL_VSA_EState10,8.282944224492258e-06,6.894278426769046e-07,VSA,Radical
RandomForestOpt1,SMILES_Parent_Level_Naphthacenes,6.832813355138211e-06,1.3026335392731563e-06,Structural,Molecule
RandomForestOpt1,SMILES_Class_Naphthacenes,6.715256944628183e-06,1.3188738416316575e-06,Structural,Molecule
RandomForestOpt1,SMILES_SlogP_VSA1,6.54779802236642e-06,9.233438092680847e-07,VSA,Molecule
RandomForestOpt1,SMILES_Parent_Level_7-hydroxyflavonoids,6.538527743066656e-06,1.401127172067159e-06,Structural,Molecule
RandomForestOpt1,SMILES_SMR_VSA6,6.39681506534902e-06,1.6259235439401603e-06,VSA,Molecule
RandomForestOpt1,SMILES_Parent_Level_Biphenyls and derivatives,6.212487843563384e-06,1.3062678433268342e-06,Structural,Molecule
RandomForestOpt1,SMILES_Parent_Level_Anthracenes,6.105766928683465e-06,1.1644355253526933e-06,Structural,Molecule
RandomForestOpt1,SMILES_RADICAL_EState_VSA6,5.8097611744781186e-06,7.262938253370892e-07,VSA,Radical
RandomForestOpt1,RADICAL_CH3S,5.789526090558886e-06,6.229453975442278e-07,Structural,Radical
RandomForestOpt1,SMILES_Parent_Level_Hydroquinones,4.68799390646943e-06,1.1592904368895291e-06,Structural,Molecule
RandomForestOpt1,SMILES_Parent_Level_Phenols,4.301895812752007e-06,1.0811766301005395e-06,Structural,Molecule
RandomForestOpt1,SMILES_Class_Phenols,3.5009192938034283e-06,2.3843139237878054e-06,Structural,Molecule
RandomForestOpt1,RADICAL_CH3OO,3.4449653004735625e-06,2.9214131771168294e-07,Structural,Radical
RandomForestOpt1,SMILES_RADICAL_PEOE_VSA8,3.4002771436117137e-06,2.8958656960558296e-07,VSA,Radical
RandomForestOpt1,SMILES_Class_Cinnamic acids and derivatives,3.1278644255439063e-06,2.7936939719609075e-06,Structural,Molecule
RandomForestOpt1,SMILES_Parent_Level_3-O-methylated flavonoids,2.9272906926515577e-06,5.309755349354764e-07,Structural,Molecule
RandomForestOpt1,SMILES_Parent_Level_Resorcinols,2.781148928706854e-06,2.8134437604450476e-06,Structural,Molecule
RandomForestOpt1,SMILES_SMR_VSA5,2.7290469020795874e-06,1.763447484272898e-06,VSA,Molecule
RandomForestOpt1,SMILES_Parent_Level_Phloroglucinols and derivatives,2.476747353782275e-06,6.231965769631014e-06,Structural,Molecule
RandomForestOpt1,SMILES_Parent_Level_Ketones,1.8944260551052572e-06,1.4437091367603888e-06,Structural,Molecule
RandomForestOpt1,SMILES_Superclass_Organic oxygen compounds,1.8187419245049797e-06,1.440771888008417e-06,Structural,Molecule
RandomForestOpt1,SMILES_RADICAL_SlogP_VSA12,1.786749771423243e-06,2.7335461317849356e-07,VSA,Radical
RandomForestOpt1,SMILES_Class_Organooxygen compounds,1.7793474475933397e-06,1.1728819212822201e-06,Structural,Molecule
RandomForestOpt1,RADICAL_HSS,1.693417421821022e-06,2.3778559800559514e-07,Structural,Radical
RandomForestOpt1,SMILES_RADICAL_PEOE_VSA7,1.6377031960655751e-06,3.2604475643320295e-07,VSA,Radical
RandomForestOpt1,SMILES_RADICAL_EState_VSA1,1.5795066048865808e-06,2.5972322948979417e-07,VSA,Radical
RandomForestOpt1,RADICAL_CH3SO,1.5528116760059815e-06,2.3566538109129402e-07,Structural,Radical
RandomForestOpt1,SMILES_RADICAL_VSA_EState1,1.543820616279661e-06,2.2226147668927117e-07,VSA,Radical
RandomForestOpt1,SMILES_RADICAL_PEOE_VSA2,1.5405356787135157e-06,2.5236479408675273e-07,VSA,Radical
RandomForestOpt1,SMILES_Parent_Level_Hydroxycinnamic acids,1.390702088397431e-06,9.032459516398875e-07,Structural,Molecule
RandomForestOpt1,SMILES_Parent_Level_Styrenes,1.263416459920413e-06,4.392457718010459e-07,Structural,Molecule
RandomForestOpt1,SMILES_Parent_Level_Catechols,1.2239304108770857e-06,8.529471406246027e-07,Structural,Molecule
RandomForestOpt1,SMILES_Parent_Level_Hydroxycinnamic acids and derivatives,9.279706414641908e-07,4.767300008796142e-07,Structural,Molecule
RandomForestOpt1,SMILES_Parent_Level_Stilbenes,8.403105995842306e-07,8.291864280112057e-07,Structural,Molecule
RandomForestOpt1,SMILES_Class_Stilbenes,7.512542224839286e-07,4.2862517623187756e-07,Structural,Molecule
RandomForestOpt1,SMILES_Parent_Level_Biphenols,4.076901731791355e-07,9.518855336425577e-08,Structural,Molecule
RandomForestOpt1,SMILES_EState_VSA11,0.0,0.0,VSA,Molecule
RandomForestOpt1,SMILES_NumAromaticHeterocycles,0.0,0.0,Structural,Molecule
RandomForestOpt1,SMILES_NumSaturatedCarbocycles,0.0,0.0,Structural,Molecule
RandomForestOpt1,SMILES_NumSaturatedHeterocycles,0.0,0.0,Structural,Molecule
RandomForestOpt1,SMILES_NumSaturatedRings,0.0,0.0,Structural,Molecule
RandomForestOpt1,SMILES_PEOE_VSA4,0.0,0.0,VSA,Molecule
RandomForestOpt1,SMILES_PEOE_VSA5,0.0,0.0,VSA,Molecule
RandomForestOpt1,SMILES_RADICAL_Chi4n,0.0,0.0,Structural,Radical
RandomForestOpt1,SMILES_RADICAL_Chi4v,0.0,0.0,Structural,Radical
RandomForestOpt1,SMILES_RADICAL_EState_VSA10,0.0,0.0,VSA,Radical
RandomForestOpt1,SMILES_RADICAL_EState_VSA11,0.0,0.0,VSA,Radical
RandomForestOpt1,SMILES_RADICAL_EState_VSA3,0.0,0.0,VSA,Radical
RandomForestOpt1,SMILES_RADICAL_NumAliphaticCarbocycles,0.0,0.0,Structural,Radical
RandomForestOpt1,SMILES_RADICAL_NumAliphaticHeterocycles,0.0,0.0,Structural,Radical
RandomForestOpt1,SMILES_RADICAL_NumAliphaticRings,0.0,0.0,Structural,Radical
RandomForestOpt1,SMILES_RADICAL_NumAromaticCarbocycles,0.0,0.0,Structural,Radical
RandomForestOpt1,SMILES_RADICAL_NumAromaticHeterocycles,0.0,0.0,Structural,Radical
RandomForestOpt1,SMILES_RADICAL_NumAromaticRings,0.0,0.0,Structural,Radical
RandomForestOpt1,SMILES_RADICAL_NumSaturatedCarbocycles,0.0,0.0,Structural,Radical
RandomForestOpt1,SMILES_RADICAL_NumSaturatedHeterocycles,0.0,0.0,Structural,Radical
RandomForestOpt1,SMILES_RADICAL_NumSaturatedRings,0.0,0.0,Structural,Radical
RandomForestOpt1,SMILES_RADICAL_PEOE_VSA10,0.0,0.0,VSA,Radical
RandomForestOpt1,SMILES_RADICAL_PEOE_VSA11,0.0,0.0,VSA,Radical
RandomForestOpt1,SMILES_RADICAL_PEOE_VSA12,0.0,0.0,VSA,Radical
RandomForestOpt1,SMILES_RADICAL_PEOE_VSA13,0.0,0.0,VSA,Radical
RandomForestOpt1,SMILES_RADICAL_PEOE_VSA14,0.0,0.0,VSA,Radical
RandomForestOpt1,SMILES_RADICAL_PEOE_VSA3,0.0,0.0,VSA,Radical
RandomForestOpt1,SMILES_RADICAL_PEOE_VSA5,0.0,0.0,VSA,Radical
RandomForestOpt1,SMILES_RADICAL_SMR_VSA2,0.0,0.0,VSA,Radical
RandomForestOpt1,SMILES_RADICAL_SMR_VSA3,0.0,0.0,VSA,Radical
RandomForestOpt1,SMILES_RADICAL_SMR_VSA4,0.0,0.0,VSA,Radical
RandomForestOpt1,SMILES_RADICAL_SMR_VSA5,0.0,0.0,VSA,Radical
RandomForestOpt1,SMILES_RADICAL_SMR_VSA8,0.0,0.0,VSA,Radical
RandomForestOpt1,SMILES_RADICAL_SMR_VSA9,0.0,0.0,VSA,Radical
RandomForestOpt1,SMILES_RADICAL_SlogP_VSA10,0.0,0.0,VSA,Radical
RandomForestOpt1,SMILES_RADICAL_SlogP_VSA11,0.0,0.0,VSA,Radical
RandomForestOpt1,SMILES_RADICAL_SlogP_VSA4,0.0,0.0,VSA,Radical
RandomForestOpt1,SMILES_RADICAL_SlogP_VSA5,0.0,0.0,VSA,Radical
RandomForestOpt1,SMILES_RADICAL_SlogP_VSA7,0.0,0.0,VSA,Radical
RandomForestOpt1,SMILES_RADICAL_SlogP_VSA8,0.0,0.0,VSA,Radical
RandomForestOpt1,SMILES_RADICAL_SlogP_VSA9,0.0,0.0,VSA,Radical
RandomForestOpt1,SMILES_RADICAL_VSA_EState4,0.0,0.0,VSA,Radical
RandomForestOpt1,SMILES_RADICAL_VSA_EState5,0.0,0.0,VSA,Radical
RandomForestOpt1,SMILES_RADICAL_VSA_EState6,0.0,0.0,VSA,Radical
RandomForestOpt1,SMILES_SMR_VSA2,0.0,0.0,VSA,Molecule
RandomForestOpt1,SMILES_SMR_VSA3,0.0,0.0,VSA,Molecule
RandomForestOpt1,SMILES_SMR_VSA4,0.0,0.0,VSA,Molecule
RandomForestOpt1,SMILES_SMR_VSA8,0.0,0.0,VSA,Molecule
RandomForestOpt1,SMILES_SlogP_VSA10,0.0,0.0,VSA,Molecule
RandomForestOpt1,SMILES_SlogP_VSA12,0.0,0.0,VSA,Molecule
RandomForestOpt1,SMILES_SlogP_VSA7,0.0,0.0,VSA,Molecule
RandomForestOpt1,SMILES_SlogP_VSA9,0.0,0.0,VSA,Molecule
RandomForestOpt1,SMILES_VSA_EState10,0.0,0.0,VSA,Molecule
